Timestep,Neuron_0,Neuron_1,Neuron_2,Neuron_3,Neuron_4,Neuron_5,Neuron_6,Neuron_7,Neuron_8,Neuron_9,Neuron_10,Neuron_11,Neuron_12,Neuron_13,Neuron_14,Neuron_15,Neuron_16,Neuron_17,Neuron_18,Neuron_19,Neuron_20,Neuron_21,Neuron_22,Neuron_23,Neuron_24,Neuron_25,Neuron_26,Neuron_27,Neuron_28,Neuron_29,Neuron_30,Neuron_31,Neuron_32,Neuron_33,Neuron_34,Neuron_35,Neuron_36,Neuron_37,Neuron_38,Neuron_39,Neuron_40,Neuron_41,Neuron_42,Neuron_43,Neuron_44,Neuron_45,Neuron_46,Neuron_47,Neuron_48,Neuron_49
0,0.7063,0.7414,0.7566,0.3943,0.7146,0.6618,0.4182,0.3922,0.8903,0.5564,0.8497,0.3521,0.5246,0.7177,0.5050,0.6745,0.4804,0.3481,0.3267,0.0000,0.4975,0.4939,0.9340,0.6067,0.4733,0.6366,0.6707,0.7521,0.2453,0.7350,0.1534,0.6353,0.6171,0.7585,0.4345,0.3113,0.4048,0.5214,0.3788,0.0529,0.2653,0.5478,0.7338,0.6607,0.3961,0.2298,0.3320,0.3409,0.4704,0.1045
1,-70.0000,-1.2994,-1.0158,-4.8483,0.4114,-6.6171,0.7716,-4.1410,-70.0000,-70.0000,-2.2868,0.1200,-2.5668,-1.6169,-3.2291,-70.0000,-1.4651,-1.9729,-2.5553,-5.6069,-7.8588,-3.6872,-7.1343,-1.9188,-7.0796,-7.5368,0.7012,-1.1241,-0.0403,-70.0000,-1.4171,-70.0000,-3.8502,-0.8228,-7.7853,-5.4945,-6.9476,-3.6023,-6.1832,-3.9590,-0.7374,-5.0232,0.4721,-70.0000,-1.5942,-7.3440,-7.3017,-70.0000,-1.3140,-0.0955
2,-70.0000,-0.1076,-0.4343,-7.2919,-2.6936,-10.6034,-70.0000,-10.0553,-70.0000,-70.0000,-10.3360,-3.0105,-1.6774,-2.3998,-11.3433,-70.0000,-6.5941,-9.9151,-5.9744,-7.0420,-12.6395,-8.4030,-8.8846,-7.5470,-10.8615,-7.8655,-5.4511,-8.4481,0.2782,-70.0000,-4.6520,-70.0000,-3.2167,-0.4096,-7.4470,-7.8085,-5.8099,-10.7760,-11.5826,-4.2033,-5.6066,-7.5324,-70.0000,-70.0000,-7.0163,-8.0812,-9.8227,-70.0000,-5.9713,-2.5652
3,-70.0000,0.1362,-0.3980,-6.5742,-1.1909,-9.5678,-70.0000,-13.8552,-70.0000,-70.0000,-12.5903,-3.9589,-7.4978,-8.0194,-15.9460,-70.0000,-14.5654,-11.3317,-6.5578,-10.3560,-12.2749,-10.5346,-13.2559,-12.7374,-18.2575,-11.4324,-11.8526,-14.2867,0.5689,-70.0000,-5.1502,-70.0000,-3.3303,-2.9623,-9.1765,-10.3094,-11.5400,-15.8616,-15.5787,-7.0553,-5.9883,-8.7107,-70.0000,-70.0000,-14.6800,-13.3481,-17.4246,-70.0000,-9.6480,-4.1715
4,-70.0000,-3.3212,0.3981,-9.4898,-4.3598,-12.8509,-70.0000,-13.5535,-70.0000,-68.2574,-13.6723,-5.1425,-7.2402,-12.0879,-15.1397,-68.8490,-15.6170,-13.7263,-13.4203,-9.3340,-13.7269,-8.7168,-20.2849,-15.5494,-23.0274,-12.6596,-10.7220,-18.0008,-3.6437,-68.3860,-9.6715,-66.1969,-8.0638,-5.3751,-13.7561,-15.7719,-14.9957,-18.1482,-23.0385,-14.4364,-6.7443,-14.7292,-70.0000,-67.0209,-15.6589,-13.9911,-17.9616,-70.0000,-16.4013,-4.6951
5,-70.0000,-6.8144,0.7954,-13.5066,-12.1591,-18.4202,-66.2762,-12.4244,-70.0000,-70.0000,-15.1311,-11.3083,-6.8632,-12.7165,-17.4684,-70.0000,-20.7825,-15.9014,-17.6013,-16.2636,-17.4006,-7.7368,-25.0633,-21.2477,-28.4976,-17.7338,-17.0160,-21.6755,-2.5229,-63.9296,-9.5245,-68.4263,-15.5658,-10.8955,-18.7970,-21.4299,-20.5967,-23.3527,-24.3272,-19.6175,-11.0552,-20.7410,-70.0000,-70.0000,-20.3204,-17.5495,-20.7821,-70.0000,-23.4814,-6.0713
6,-66.0147,-13.1283,-2.3690,-19.8828,-14.8652,-18.5006,-70.0000,-10.7864,-68.6621,-70.0000,-20.4612,-15.1948,-13.0365,-14.6689,-16.1139,-68.1299,-18.8420,-22.3605,-24.1019,-16.4578,-18.9951,-13.3300,-23.3131,-21.4027,-35.1341,-17.6500,-14.9182,-23.3294,-4.4213,-60.6092,-7.9144,-69.8032,-22.9661,-9.9894,-25.9269,-20.5923,-19.3315,-25.7033,-31.3562,-25.7513,-16.9295,-22.5285,-68.9764,-70.0000,-25.7669,-24.6268,-19.7865,-70.0000,-22.4356,-12.6729
7,-62.0009,-17.3077,-1.3720,-22.4977,-13.1645,-16.2501,-70.0000,-18.5199,-70.0000,-70.0000,-24.3349,-18.4456,-20.0279,-16.1910,-21.2656,-70.0000,-25.8014,-20.8124,-25.3264,-18.6824,-18.0246,-17.6142,-21.9828,-19.2256,-34.3189,-23.5955,-17.3507,-22.8398,-4.9546,-56.1409,-10.8938,-70.0000,-21.3763,-8.5681,-30.5351,-26.4731,-22.6610,-30.7637,-34.2990,-30.7224,-14.7785,-24.3537,-70.0000,-70.0000,-27.7134,-30.4850,-26.4544,-68.6133,-27.1212,-17.1935
8,-59.6757,-16.7002,-6.9118,-29.7313,-15.0826,-16.6714,-70.0000,-17.7713,-65.5056,-68.9556,-26.6027,-24.0271,-27.0022,-21.9973,-24.6510,-69.8606,-24.0562,-22.0273,-26.0760,-16.6101,-23.3267,-22.9149,-22.7055,-26.7424,-33.4078,-22.8874,-16.3297,-25.7549,-4.9330,-59.4096,-17.0784,-70.0000,-25.4805,-7.0774,-37.2656,-25.6653,-20.4658,-34.8227,-31.9823,-27.7459,-13.8762,-23.4776,-70.0000,-70.0000,-33.8477,-29.8465,-28.4683,-65.9575,-28.1096,-20.3953
9,-63.8570,-21.9672,-13.6984,-35.4610,-21.1111,-20.5574,-70.0000,-19.4042,-67.9266,-70.0000,-29.3911,-26.9917,-29.7110,-27.7294,-29.3019,-70.0000,-26.6153,-20.5175,-31.3701,-21.0518,-27.3222,-25.4651,-29.4021,-31.9971,-40.1502,-21.7648,-21.2244,-30.2980,-12.2404,-62.0536,-23.7377,-70.0000,-30.1378,-15.1581,-40.3973,-23.2680,-19.9367,-37.2366,-36.7900,-33.0253,-15.7794,-28.7710,-70.0000,-70.0000,-40.5727,-36.7013,-30.0969,-65.2929,-34.5671,-21.1378
10,-68.2006,-25.4668,-18.7990,-34.8593,-25.4185,-18.3476,-68.0113,-18.6553,-65.3865,-70.0000,-36.2903,-31.7708,-28.2279,-29.5455,-26.6502,-67.2531,-27.6130,-22.5503,-29.3319,-19.5022,-30.0859,-25.9804,-29.4103,-33.8917,-46.0362,-28.9936,-22.6483,-27.9457,-18.0249,-62.4643,-21.5725,-65.8578,-31.7349,-20.5064,-38.6311,-22.8091,-22.6643,-39.4844,-42.2426,-37.2551,-19.7637,-28.7858,-65.1946,-65.6286,-42.2495,-35.7312,-33.6253,-69.1372,-38.3187,-25.3951
11,-64.7548,-29.1685,-25.2592,-34.4106,-28.8573,-23.6091,-70.0000,-18.9949,-60.9165,-70.0000,-37.0203,-33.4716,-32.3000,-36.1643,-31.6041,-66.2440,-30.6671,-21.8319,-27.5468,-24.8571,-32.9485,-29.9877,-32.1748,-35.3906,-51.3920,-26.7186,-23.8906,-27.1577,-21.5950,-62.4778,-19.1820,-67.9120,-36.7975,-20.5702,-39.7669,-29.5128,-20.7772,-44.3636,-46.0001,-34.9378,-19.4548,-29.1596,-66.0505,-61.8400,-41.8256,-41.8745,-37.0325,-70.0000,-41.4730,-27.6590
12,-68.1722,-28.5745,-23.8925,-33.8255,-32.5093,-28.8798,-65.7354,-23.5801,-58.7020,-70.0000,-35.7037,-35.3487,-31.9136,-37.2639,-32.5529,-70.0000,-30.2706,-19.3456,-27.5411,-26.5452,-30.6306,-30.9012,-35.7337,-36.8533,-47.8136,-25.9899,-23.0828,-27.2900,-27.8785,-66.9433,-25.4347,-66.5558,-36.8139,-21.1971,-43.4658,-32.5980,-22.3237,-41.3458,-48.7415,-34.9837,-20.2860,-33.6637,-69.1559,-58.1439,-40.5156,-40.3274,-37.4467,-70.0000,-42.3854,-32.2623
13,-68.6925,-34.6794,-30.5339,-38.5336,-34.2623,-32.2509,-67.0315,-29.6970,-54.3335,-70.0000,-33.2014,-38.9615,-32.0291,-38.0438,-37.7195,-68.7926,-30.3623,-17.1302,-31.5484,-32.2784,-30.6455,-29.6159,-35.1717,-40.6328,-50.4726,-30.5453,-21.1177,-28.8153,-32.4759,-69.2110,-25.4125,-70.0000,-42.0371,-27.7757,-41.2937,-37.4333,-25.6969,-38.2822,-48.7136,-38.4278,-27.4024,-38.3464,-70.0000,-58.3286,-38.2863,-43.2618,-38.2376,-70.0000,-44.8951,-33.0909
14,-70.0000,-40.5972,-35.6812,-38.6788,-34.6685,-36.4373,-65.0489,-35.1322,-57.1207,-66.7546,-39.1761,-44.1591,-29.8011,-44.3910,-38.0548,-69.3869,-33.0122,-23.9054,-31.3641,-29.3273,-36.1932,-35.8412,-32.9745,-44.6583,-48.2020,-33.7067,-21.4987,-35.5838,-31.4045,-70.0000,-26.4043,-68.6155,-42.2114,-31.0516,-45.0720,-36.1475,-31.7661,-43.1364,-48.1593,-35.7517,-28.2070,-43.1974,-65.4064,-55.3610,-44.8572,-47.5423,-35.5366,-68.8336,-48.4108,-32.4841
15,-70.0000,-40.3573,-36.2718,-43.0447,-33.0966,-40.1515,-68.1019,-32.0073,-60.4472,-62.3242,-43.6347,-41.4172,-36.0410,-50.5731,-40.2765,-67.6660,-38.7499,-24.4244,-28.4135,-32.9045,-35.7203,-41.2981,-37.6891,-45.1200,-51.8061,-32.2717,-23.1647,-33.4886,-35.1056,-66.7409,-32.1765,-69.1850,-43.1456,-28.2179,-49.9435,-36.0633,-31.6225,-44.9161,-48.4270,-42.4457,-35.2433,-47.2656,-62.2539,-52.5541,-41.8162,-44.0213,-42.0981,-65.3328,-50.7425,-38.2816
16,-68.9342,-44.3319,-35.5286,-42.1439,-32.8234,-44.5164,-70.0000,-33.6955,-61.5656,-62.7252,-48.5897,-38.8419,-41.8711,-55.9068,-38.3817,-70.0000,-44.0503,-28.0566,-32.7927,-29.9646,-32.9878,-42.2466,-39.9653,-45.9262,-56.9641,-30.3338,-23.9441,-39.6365,-37.9995,-68.4505,-37.7960,-68.3454,-40.2795,-32.9218,-54.8207,-41.8663,-29.1321,-44.1390,-45.7244,-42.5501,-37.0461,-48.9726,-61.8118,-53.3652,-38.7797,-48.6372,-45.2120,-67.8732,-54.9047,-36.9989
17,-65.7150,-41.5826,-39.4474,-42.4771,-35.7244,-47.3944,-70.0000,-38.6775,-59.6144,-63.9738,-52.8381,-43.0197,-45.2339,-59.9484,-38.4794,-70.0000,-42.6761,-31.3980,-34.1565,-28.9374,-39.5273,-47.2366,-44.0816,-50.5289,-61.8981,-27.3905,-27.2380,-42.5632,-36.6403,-66.6608,-41.8535,-65.0693,-44.4698,-34.0781,-58.3474,-48.0941,-31.7856,-43.5738,-45.7725,-46.6949,-38.2121,-50.1047,-60.8560,-54.9285,-44.6811,-54.6521,-45.0135,-63.2899,-51.9822,-42.6426
18,-61.1989,-38.8952,-40.5428,-47.9926,-34.1415,-48.4377,-66.4713,-38.1437,-60.6745,-67.5562,-56.7776,-43.4597,-45.0918,-55.7692,-35.3405,-65.8101,-40.0309,-37.9377,-40.4254,-30.6265,-42.5675,-52.4624,-43.0568,-50.2893,-60.8768,-27.4755,-27.6415,-45.5880,-35.5537,-66.1001,-39.8928,-68.5261,-46.4693,-32.1317,-60.0205,-51.8443,-37.5771,-39.9277,-45.3607,-49.6409,-44.0914,-49.3397,-65.6614,-54.7189,-42.7847,-58.8965,-50.6408,-61.5661,-48.6577,-41.9480
19,-65.3317,-41.2826,-37.9586,-44.2453,-40.2724,-46.0918,-70.0000,-36.8450,-59.5470,-68.7818,-53.5180,-45.9515,-49.9327,-52.4127,-38.0185,-61.8647,-45.3003,-38.0828,-42.7461,-36.9887,-45.2414,-53.7667,-41.6613,-50.2499,-59.8712,-33.2011,-26.7390,-47.4464,-40.5235,-63.0349,-41.3832,-70.0000,-45.7795,-34.5978,-55.5751,-52.0475,-41.6658,-41.9071,-45.9082,-47.1428,-43.4159,-52.0612,-67.9101,-50.5810,-47.9741,-58.9358,-49.5547,-64.2876,-47.3661,-41.2582
20,-61.2091,-39.7985,-38.1723,-40.6088,-44.7566,-48.2197,-70.0000,-34.2170,-59.1895,-69.7478,-49.8924,-51.8784,-51.8620,-53.1484,-38.2914,-58.0888,-49.7518,-36.9110,-46.3000,-40.3064,-43.2183,-53.6423,-41.3901,-50.7003,-61.2929,-36.9408,-30.9244,-45.0778,-40.2254,-68.0093,-40.8130,-69.0760,-43.0419,-41.3083,-54.4388,-48.3406,-40.2826,-45.9665,-50.9276,-48.8072,-43.1427,-49.2216,-68.8071,-46.8398,-47.7040,-61.0434,-49.2729,-61.2628,-53.0453,-43.8804
21,-57.8414,-37.8310,-39.1527,-38.2186,-44.3976,-45.2865,-70.0000,-37.6855,-60.0695,-66.6019,-46.0642,-55.3029,-50.1384,-58.3151,-38.8909,-59.7534,-45.9932,-42.9042,-47.5835,-44.4904,-48.9789,-52.6996,-40.2293,-54.7031,-65.3798,-37.2868,-33.8889,-50.8629,-46.4290,-70.0000,-40.3537,-69.1136,-41.5109,-47.4766,-59.1041,-44.9365,-45.1419,-49.6412,-54.9918,-52.2228,-40.1541,-51.7521,-68.1231,-51.1205,-48.1717,-58.9454,-51.8047,-60.6377,-55.8908,-45.5769
22,-59.3641,-37.7219,-43.7995,-43.5184,-50.5791,-49.2462,-67.7821,-39.0878,-58.0508,-62.5090,-43.8419,-59.4607,-47.6264,-63.4228,-38.7128,-59.1958,-51.3000,-41.5284,-47.2354,-48.0806,-47.8076,-58.1264,-37.0585,-57.5628,-61.3242,-42.7497,-38.9829,-48.1503,-47.9385,-65.3720,-44.1779,-70.0000,-38.7583,-43.6767,-60.9414,-49.0450,-48.4632,-45.9860,-53.6275,-52.6753,-43.4848,-48.5822,-64.8267,-56.4137,-47.1594,-56.0692,-53.2107,-59.8607,-53.8193,-49.3064
23,-58.7489,-36.1872,-40.5665,-45.6546,-54.9038,-54.6189,-67.7575,-38.9723,-63.6420,-65.5832,-42.0046,-60.5856,-49.3570,-66.5384,-36.6077,-58.1880,-47.3517,-39.8786,-46.4216,-52.3038,-53.3871,-53.9781,-38.7473,-56.1262,-62.8100,-42.6230,-36.3628,-52.5051,-45.4800,-63.2433,-49.1803,-70.0000,-41.0697,-43.7316,-56.9566,-49.8496,-49.2858,-51.6546,-55.8437,-52.0500,-41.5928,-46.0635,-65.3978,-53.2511,-52.7736,-61.7437,-55.8429,-57.4281,-54.2324,-55.1614
24,-56.1467,-41.0267,-41.6601,-45.6441,-51.1001,-52.9213,-70.0000,-37.2614,-64.9347,-67.3885,-40.8889,-61.0560,-52.0544,-63.1266,-36.8894,-56.3225,-45.7880,-41.3338,-44.6829,-57.0723,-53.4672,-57.5793,-37.8825,-56.1389,-59.0553,-40.7859,-35.5846,-54.9425,-46.8834,-64.1731,-46.3479,-70.0000,-39.3340,-40.4087,-60.5839,-55.7647,-48.2606,-55.0923,-58.2933,-53.9950,-39.4465,-48.0715,-68.0292,-53.5975,-50.3158,-64.4660,-61.3271,-59.1091,-56.0527,-52.0729
25,-56.2581,-46.9244,-41.9845,-44.8958,-49.8956,-55.0080,-66.9081,-37.0269,-70.0000,-69.7808,-40.1014,-64.1183,-53.6633,-65.3275,-43.1295,-52.8315,-43.3649,-40.8051,-43.8499,-62.5893,-54.4670,-53.9174,-43.1060,-60.9351,-56.7916,-38.4167,-39.2374,-56.6835,-44.9231,-61.8215,-43.3704,-65.1774,-42.4230,-36.9462,-61.9440,-58.8023,-46.1352,-55.9971,-58.8611,-57.0694,-43.3774,-52.2322,-68.9233,-53.7998,-49.4403,-65.4973,-65.2972,-60.9412,-54.2109,-52.7296
26,-57.7098,-43.5641,-45.6280,-50.1443,-53.6383,-52.2802,-68.3453,-38.3036,-67.8690,-70.0000,-42.6747,-59.5984,-53.5279,-67.5712,-42.5477,-53.1228,-41.0550,-41.5678,-40.5916,-66.0290,-51.7172,-53.0811,-41.6243,-57.0537,-57.7997,-36.4099,-38.6143,-60.9682,-46.6505,-62.6559,-41.3983,-67.9209,-44.4802,-38.1094,-60.2958,-58.8673,-46.7523,-55.4392,-57.4112,-54.7804,-44.9576,-48.5882,-68.2096,-56.6350,-49.8024,-64.3976,-65.3025,-63.6599,-52.8133,-49.6546
27,-54.2003,-41.4818,-43.7909,-48.3422,-51.0406,-54.9907,-66.0965,-43.4764,-67.6487,-68.1164,-41.2782,-55.4732,-52.8987,-69.2934,-41.1927,-51.8869,-43.1418,-41.1374,-45.6598,-64.5130,-55.6758,-53.5460,-44.5300,-55.7244,-58.1680,-38.0605,-37.4527,-65.8946,-50.1826,-61.5193,-40.9261,-70.0000,-44.9278,-41.0872,-62.9820,-57.2332,-47.1983,-60.3574,-54.0593,-59.5433,-47.2480,-53.6316,-66.1483,-59.8784,-53.2956,-60.2286,-62.1967,-62.1547,-49.1437,-46.3438
28,-53.4236,-47.1558,-47.6725,-47.9297,-54.7803,-59.4090,-67.3744,-48.2028,-66.3990,-70.0000,-46.9043,-58.6677,-58.1806,-64.5833,-40.7102,-54.2204,-49.2533,-41.6856,-42.4561,-61.4880,-58.5438,-52.8272,-42.5193,-52.1400,-61.2827,-41.9794,-43.3711,-64.2151,-49.1514,-63.4996,-41.5618,-70.0000,-41.2417,-43.0410,-60.4861,-61.3370,-53.1522,-56.6518,-58.1447,-63.8053,-44.5675,-59.4299,-66.0246,-59.7354,-58.3239,-61.1712,-60.7615,-66.7193,-54.4699,-46.2600
29,-54.0766,-49.6105,-45.5830,-45.9253,-52.2855,-59.4286,-70.0000,-44.8324,-61.7709,-69.7059,-46.5288,-56.4744,-60.8339,-62.6674,-42.3627,-50.3396,-47.9533,-46.1574,-48.7259,-62.6519,-59.7966,-51.7560,-43.2685,-54.7140,-57.7300,-43.7819,-48.6825,-61.8411,-51.4599,-63.0844,-41.8997,-67.5172,-42.8765,-42.1624,-65.3069,-66.1529,-50.9528,-54.4878,-58.8787,-64.9534,-45.4263,-61.5414,-66.9242,-60.1909,-58.6331,-63.0066,-65.5515,-64.4140,-51.7261,-46.8686
30,-54.8871,-50.6537,-46.1500,-51.1076,-56.1912,-60.8853,-70.0000,-41.5855,-58.3298,-67.2216,-49.9221,-53.4745,-65.1511,-62.3411,-45.5498,-49.4597,-52.8280,-48.0112,-46.5898,-64.8685,-64.3086,-51.6882,-44.1686,-58.2296,-53.6835,-42.3711,-52.5373,-62.1577,-49.1096,-67.5526,-39.4939,-70.0000,-43.9068,-45.8926,-66.3856,-62.8669,-48.4950,-52.9781,-59.6338,-69.8756,-50.4181,-65.8961,-64.7466,-62.4429,-63.2847,-61.3163,-64.0764,-60.6990,-52.0618,-43.1644
31,-56.9537,-56.3442,-44.2144,-52.7434,-54.5726,-60.2210,-70.0000,-44.1387,-57.5240,-64.8039,-54.8721,-58.3899,-66.9962,-61.6149,-45.4629,-51.6512,-55.8632,-49.7521,-48.7244,-67.7481,-61.7467,-49.1161,-44.7137,-59.8833,-53.7066,-42.8488,-49.3102,-64.4243,-48.6541,-70.0000,-42.5583,-69.2945,-47.1776,-47.1171,-69.3326,-59.6735,-50.8218,-52.4406,-56.6409,-70.0000,-48.9736,-63.9914,-65.0269,-65.2926,-63.2885,-65.5900,-63.0551,-59.3807,-49.7447,-47.9074
32,-60.1227,-60.2489,-48.9430,-51.6235,-59.6529,-63.8938,-67.2204,-42.7605,-61.1051,-67.8029,-55.7886,-61.6321,-68.0612,-65.0547,-46.6082,-54.3633,-61.5351,-47.5124,-50.6748,-63.9701,-63.8580,-54.0451,-41.8418,-58.8432,-59.5134,-45.5493,-49.0444,-59.7504,-50.6615,-66.1971,-47.5486,-69.0731,-51.9119,-44.3551,-70.0000,-58.7391,-47.9640,-56.1833,-52.3741,-66.2440,-46.2729,-65.0964,-65.0898,-68.9370,-59.2338,-69.8141,-65.5789,-55.7029,-51.6499,-51.4748
33,-59.5458,-59.5651,-46.3248,-53.9515,-57.5399,-59.4660,-67.5925,-45.6976,-61.1100,-68.0030,-55.8795,-64.4832,-70.0000,-60.3991,-48.4133,-50.7728,-57.7577,-43.9451,-50.7907,-66.4615,-61.8549,-57.9037,-42.9848,-57.8446,-63.1487,-46.1956,-50.5520,-58.9545,-53.2039,-66.1389,-49.2913,-64.8733,-48.4043,-47.4842,-65.0861,-54.8858,-49.7025,-58.2915,-51.7567,-62.5420,-44.0272,-67.4465,-60.9130,-70.0000,-62.8246,-69.9094,-67.0921,-58.8897,-57.0782,-53.8012
34,-63.8151,-62.3631,-47.1380,-57.5113,-59.0441,-59.5533,-64.7049,-44.4241,-61.4175,-69.8666,-61.2505,-66.3117,-68.1006,-59.6825,-53.5785,-48.8414,-61.5395,-41.8435,-49.1000,-62.6745,-57.4553,-61.7613,-44.8348,-61.9959,-63.5539,-43.9826,-56.2599,-59.7702,-51.0703,-65.1806,-47.4885,-66.2438,-52.9107,-44.0483,-61.5573,-54.6650,-52.5818,-60.1366,-56.3104,-61.6588,-43.8564,-70.0000,-56.7227,-70.0000,-67.8693,-70.0000,-65.1703,-58.0237,-56.5985,-51.7797
35,-67.9392,-64.9338,-43.6931,-63.0897,-54.9459,-59.3004,-66.2094,-42.8143,-57.1246,-68.0297,-65.9124,-64.6363,-65.0522,-58.8096,-53.4351,-49.6311,-62.0904,-41.5483,-50.5101,-61.6323,-53.4964,-61.1857,-50.8765,-58.1627,-66.3068,-43.5648,-55.6951,-62.2000,-48.9059,-67.4369,-44.3873,-61.6614,-56.3293,-50.0084,-65.6332,-59.7950,-49.1912,-56.9934,-57.7765,-59.8304,-44.0631,-66.6723,-58.6527,-70.0000,-66.2998,-67.5556,-68.0288,-54.7573,-60.6396,-54.7677
36,-69.0963,-60.8533,-43.3618,-64.1949,-58.2762,-61.1186,-70.0000,-40.3751,-62.2216,-70.0000,-61.8821,-66.0575,-65.7027,-60.4330,-52.3042,-54.3586,-65.3059,-45.2517,-51.7398,-63.8134,-57.0587,-64.4434,-56.4912,-58.6583,-69.5676,-48.1456,-57.8541,-59.3741,-49.4675,-69.8674,-48.2377,-63.0729,-61.7910,-54.1787,-61.9647,-56.0488,-48.8763,-58.0294,-55.8537,-61.4021,-46.9400,-67.3131,-59.9137,-68.2199,-69.1680,-70.0000,-70.0000,-52.1899,-63.7963,-56.1560
37,-70.0000,-56.5912,-46.9899,-59.9739,-59.1024,-62.0402,-70.0000,-40.1731,-58.8682,-70.0000,-61.8801,-65.6749,-66.9738,-60.2054,-52.5968,-51.3105,-68.4495,-49.1182,-52.4429,-63.5769,-53.2683,-69.5619,-58.8310,-55.5086,-70.0000,-48.0543,-59.2584,-62.2388,-47.6518,-70.0000,-53.4750,-67.7653,-62.9632,-54.5509,-58.2396,-61.3188,-53.2250,-62.9343,-53.1699,-62.6517,-49.3689,-64.0495,-55.6421,-69.3568,-70.0000,-70.0000,-70.0000,-50.0904,-67.8333,-53.4021
38,-70.0000,-61.3703,-46.4350,-56.9846,-64.1319,-59.3821,-70.0000,-45.0795,-61.4290,-67.6938,-65.1601,-65.0283,-67.1098,-64.2007,-57.4198,-55.2703,-70.0000,-45.3599,-51.0919,-67.5239,-53.0466,-67.8052,-63.4678,-54.7422,-70.0000,-52.0968,-58.2481,-61.9609,-46.9861,-70.0000,-51.8296,-69.5969,-59.0400,-58.2613,-57.3581,-59.2364,-50.2173,-61.8575,-49.6996,-63.9829,-51.5925,-66.3143,-54.4110,-66.9294,-70.0000,-70.0000,-69.5774,-55.7054,-70.0000,-57.8384
39,-68.4317,-66.7799,-50.2212,-58.3261,-65.7834,-55.4811,-70.0000,-41.5125,-62.8011,-66.0393,-67.8008,-60.4014,-68.0616,-61.2068,-60.0725,-59.3823,-70.0000,-51.2042,-55.4066,-68.5186,-56.8044,-68.1075,-62.5809,-53.9322,-66.2768,-51.0317,-56.3248,-61.6720,-52.7841,-66.1165,-53.9119,-67.7688,-57.0682,-54.7377,-54.9278,-64.3458,-53.0663,-63.5907,-53.5209,-65.2079,-52.5888,-67.8634,-54.4328,-64.7682,-65.9708,-69.2521,-70.0000,-57.0012,-70.0000,-57.7802
40,-66.8034,-69.4724,-47.7176,-60.9506,-68.9133,-57.7057,-70.0000,-43.7725,-63.3545,-68.0908,-70.0000,-64.6058,-68.3851,-63.4836,-56.4885,-55.0440,-66.3611,-53.6576,-61.1100,-66.9097,-59.4369,-68.8284,-62.9130,-57.6923,-70.0000,-50.9299,-56.9843,-64.2922,-54.7297,-66.6992,-56.8131,-63.7354,-52.9038,-58.5840,-56.0723,-60.5797,-49.8416,-59.9062,-55.1488,-63.7698,-52.9907,-69.7000,-52.4997,-69.5857,-66.9343,-70.0000,-70.0000,-55.3584,-70.0000,-59.3244
41,-62.4400,-68.7099,-48.4034,-62.4243,-67.9355,-56.4063,-68.9984,-44.1797,-68.1626,-64.4350,-70.0000,-69.6331,-66.2997,-62.5279,-57.5145,-58.8986,-69.2845,-53.7753,-65.8066,-63.5366,-61.6718,-65.1506,-60.8390,-54.9736,-66.9707,-51.9396,-58.8998,-61.9763,-56.3930,-65.3689,-55.4684,-67.7206,-51.5435,-62.1103,-60.0563,-63.4201,-49.8440,-61.7375,-60.5724,-61.3804,-53.9652,-70.0000,-55.3599,-70.0000,-68.7139,-67.3643,-70.0000,-56.2239,-66.7233,-56.0427
42,-67.0377,-69.1530,-49.5893,-64.6848,-66.9691,-61.3961,-68.1415,-46.2326,-67.5282,-67.5751,-70.0000,-65.5619,-70.0000,-60.6219,-56.2048,-58.1172,-70.0000,-59.1868,-70.0000,-64.8288,-65.6150,-64.1903,-59.2079,-50.8523,-64.6212,-47.8455,-59.1992,-60.0077,-53.8164,-62.1570,-57.5021,-66.3227,-49.9078,-63.2151,-63.1962,-64.8063,-55.6516,-66.9504,-56.6752,-59.5214,-52.7215,-69.7765,-51.4719,-70.0000,-65.3168,-62.5834,-68.6529,-52.4519,-64.4405,-53.9238
43,-63.6028,-65.9906,-48.5549,-68.7644,-67.6271,-61.1396,-67.3058,-48.2419,-63.9437,-64.7540,-67.4575,-70.0000,-65.9338,-60.2823,-57.0048,-58.8632,-70.0000,-63.8004,-69.8817,-67.6939,-69.0162,-69.1338,-59.4781,-55.4508,-63.3419,-44.6425,-59.6675,-63.7752,-57.3023,-63.5919,-55.7039,-66.0182,-53.1941,-61.2025,-66.8144,-65.7491,-56.9652,-65.7637,-54.2510,-61.7783,-52.0046,-67.2352,-55.9101,-70.0000,-61.9426,-64.8292,-66.9113,-53.7911,-66.8962,-56.4582
44,-65.8411,-63.3574,-47.5953,-70.0000,-68.2775,-62.8895,-67.3981,-45.0726,-59.6997,-66.2016,-68.1827,-70.0000,-63.5641,-63.6556,-55.8638,-62.4708,-67.4263,-66.2081,-66.1794,-70.0000,-70.0000,-70.0000,-60.7346,-59.6887,-65.6068,-49.8807,-58.2372,-63.8993,-53.0586,-66.0448,-60.0906,-63.0450,-52.6803,-61.0284,-66.5759,-68.0080,-61.1134,-62.2226,-56.2385,-63.1081,-53.8576,-69.6488,-54.4098,-66.3712,-60.1587,-66.0763,-66.6985,-51.3328,-62.0586,-59.2498
45,-61.5678,-59.7041,-45.2651,-68.0641,-70.0000,-63.5251,-63.8400,-48.3375,-58.1019,-62.9059,-68.9446,-67.8897,-62.6389,-61.4815,-57.1928,-64.0544,-70.0000,-65.7303,-67.8741,-70.0000,-70.0000,-69.9092,-63.5987,-56.1602,-69.8513,-47.4881,-55.6298,-65.3896,-55.6186,-63.3743,-63.8895,-65.2998,-54.5562,-64.6215,-70.0000,-69.9305,-62.2546,-59.4077,-53.3925,-61.6186,-59.6225,-67.1970,-52.8586,-64.8714,-65.6036,-64.5445,-70.0000,-49.7530,-58.3733,-57.1885
46,-57.7534,-59.1679,-51.1008,-63.2389,-67.6923,-66.0107,-62.1930,-48.9447,-55.2775,-60.7694,-70.0000,-67.9993,-66.6437,-60.5433,-61.7184,-60.9914,-68.6021,-62.2073,-65.3379,-69.0647,-70.0000,-70.0000,-63.2273,-58.2904,-66.8616,-48.5486,-54.6965,-65.6894,-53.0542,-64.2772,-66.6221,-63.6307,-51.2798,-60.5008,-68.3704,-67.2435,-58.4314,-61.8532,-52.8164,-62.8792,-64.9109,-66.9773,-54.4536,-69.5345,-61.7405,-69.0254,-67.6759,-48.0748,-60.2012,-56.9327
47,-59.2133,-56.6680,-56.1818,-60.1308,-68.6446,-64.3637,-61.4765,-48.3444,-55.7750,-66.1333,-69.2134,-66.4236,-67.2171,-63.5218,-67.1158,-57.6634,-63.7898,-61.2409,-66.2481,-67.7457,-69.8757,-70.0000,-67.7130,-54.2721,-70.0000,-48.7214,-58.7090,-70.0000,-56.0071,-65.6325,-62.3169,-63.8919,-55.4631,-60.1008,-65.6335,-65.8532,-58.8157,-59.9166,-56.3425,-62.1756,-66.3994,-64.7471,-57.1634,-65.4187,-66.0346,-70.0000,-69.6110,-52.7556,-64.8749,-55.5269
48,-55.4043,-60.7146,-57.6166,-63.9212,-64.1423,-67.7577,-60.0864,-44.7730,-52.2904,-70.0000,-69.9762,-65.1231,-66.8053,-59.7229,-66.4278,-53.8947,-59.2268,-64.3984,-65.6879,-69.5079,-70.0000,-66.5766,-70.0000,-58.0755,-69.3465,-47.6517,-61.9127,-65.6183,-58.7331,-64.3214,-58.9884,-66.8404,-54.0464,-56.3598,-66.1250,-67.6232,-60.2623,-62.1372,-52.1790,-65.6282,-61.9524,-63.2370,-57.3630,-61.3248,-63.9833,-67.8370,-70.0000,-56.7207,-63.0926,-53.6161
49,-57.2947,-62.2746,-58.4718,-68.4533,-62.9624,-68.6890,-62.3289,-43.0576,-56.4670,-70.0000,-66.1906,-66.6982,-66.6066,-57.8288,-65.3927,-52.8327,-55.0831,-64.6520,-64.8371,-70.0000,-70.0000,-63.3687,-69.8951,-57.0492,-65.4652,-51.4070,-63.5856,-67.5404,-54.5497,-66.7866,-57.3665,-65.6920,-51.8160,-54.2589,-67.7070,-68.2205,-62.5356,-58.6427,-53.3234,-64.7259,-66.7351,-64.5734,-53.7154,-63.6487,-59.5801,-64.8176,-67.7950,-57.0421,-63.7448,-52.3815
50,-61.9890,-65.8836,-55.4716,-68.4665,-59.4694,-69.8879,-65.4455,-44.5774,-58.5397,-70.0000,-61.5841,-65.2234,-62.1421,-56.7136,-65.4472,-52.7469,-59.5174,-66.8907,-69.7763,-70.0000,-70.0000,-62.0458,-66.3954,-60.3553,-69.9070,-50.2163,-62.4978,-65.8426,-55.6362,-63.0353,-62.8655,-65.7349,-51.9384,-53.0157,-70.0000,-70.0000,-59.5093,-60.4939,-51.8341,-64.6620,-70.0000,-65.5480,-52.7177,-61.5760,-61.7735,-62.3115,-70.0000,-61.8429,-67.6461,-56.5165
51,-61.7451,-66.5799,-56.0068,-67.3822,-60.8901,-67.1853,-66.9732,-49.0813,-58.2243,-70.0000,-59.3032,-62.3085,-63.2895,-59.9284,-61.1138,-50.3107,-56.6436,-69.4944,-69.9549,-67.8304,-70.0000,-65.7189,-66.3387,-62.5222,-68.8828,-52.0017,-62.6805,-70.0000,-57.0410,-67.1204,-58.8890,-64.8828,-49.5251,-52.3113,-69.3273,-65.0686,-63.3389,-58.0657,-48.9125,-67.6287,-67.2607,-63.3422,-53.4348,-60.1463,-66.8302,-58.6646,-70.0000,-64.1710,-65.4099,-56.0320
52,-66.4808,-68.9067,-60.0246,-70.0000,-60.1162,-62.3675,-66.7472,-51.4669,-61.5069,-67.5644,-55.6928,-57.6943,-59.2235,-60.4385,-60.0859,-49.2394,-56.2089,-70.0000,-68.1132,-69.9594,-70.0000,-69.9200,-61.7683,-59.3400,-70.0000,-53.5827,-62.5271,-68.5853,-56.9053,-70.0000,-60.7336,-60.6207,-46.5208,-50.7747,-69.8270,-68.9226,-60.1148,-55.0080,-51.8357,-69.8332,-66.9376,-61.2547,-51.5162,-64.4755,-64.2582,-61.7193,-66.0450,-60.8735,-70.0000,-61.3759
53,-63.0534,-65.5415,-62.0940,-68.8496,-55.7364,-61.4347,-66.2990,-52.1872,-60.5503,-69.9561,-57.4338,-58.9707,-64.5026,-61.5935,-56.9300,-55.0559,-52.8214,-69.6847,-70.0000,-70.0000,-69.2566,-70.0000,-64.2085,-56.8070,-69.3715,-54.9376,-60.8884,-68.9393,-58.9588,-70.0000,-58.0696,-63.3719,-43.0689,-53.4613,-67.0151,-70.0000,-63.8179,-52.6073,-50.6527,-67.3626,-67.6439,-65.3821,-51.1286,-61.7565,-66.8238,-66.7835,-63.5954,-57.3283,-70.0000,-61.5361
54,-64.0399,-62.2403,-65.0372,-66.7275,-52.0834,-63.5600,-69.5630,-51.9707,-60.0643,-70.0000,-62.1930,-58.0025,-68.0463,-60.1669,-59.6907,-52.8425,-52.3374,-68.4499,-66.3758,-65.7111,-65.6802,-68.3687,-60.5864,-60.8851,-70.0000,-54.4859,-60.6188,-70.0000,-60.4002,-70.0000,-54.6030,-60.3287,-39.8385,-59.2514,-67.1206,-70.0000,-60.3231,-53.2033,-54.6097,-68.5587,-64.4230,-62.8626,-47.4268,-60.2987,-70.0000,-70.0000,-66.4982,-61.1337,-69.8402,-58.0120
55,-59.7779,-58.0357,-66.5796,-69.0700,-52.4601,-62.5794,-64.6919,-49.3365,-57.5725,-69.8382,-57.8400,-60.5561,-70.0000,-59.7517,-59.5639,-56.4633,-50.8250,-63.5467,-62.5355,-63.6709,-69.4913,-66.0476,-59.3792,-65.5384,-65.4241,-56.2642,-63.6968,-70.0000,-63.0471,-70.0000,-52.6114,-62.5891,-42.7703,-58.3902,-70.0000,-67.1557,-61.8914,-53.1853,-52.1757,-67.8280,-65.2319,-65.7363,-47.6467,-62.4523,-70.0000,-70.0000,-67.4729,-59.9115,-69.2034,-61.2869
56,-62.4142,-62.0870,-62.1192,-68.4351,-57.6799,-58.8417,-64.3736,-50.4743,-59.3165,-66.7832,-54.4986,-62.3612,-70.0000,-55.7657,-55.1760,-61.0789,-48.3537,-66.5328,-62.0996,-68.6063,-70.0000,-66.7511,-56.6095,-64.8385,-64.8893,-54.0124,-61.2367,-70.0000,-64.6277,-70.0000,-57.0578,-60.6841,-48.6216,-58.3578,-69.8459,-70.0000,-57.9795,-56.6319,-48.3626,-70.0000,-63.2157,-63.8651,-52.5260,-59.1613,-70.0000,-69.0831,-69.2098,-56.6274,-70.0000,-66.3120
57,-61.2870,-66.6450,-62.7871,-69.2171,-55.1806,-63.9485,-63.9335,-53.0335,-61.5541,-70.0000,-56.1751,-67.6303,-70.0000,-59.7471,-60.2747,-61.1629,-46.1729,-63.1343,-58.4782,-70.0000,-70.0000,-70.0000,-58.5883,-65.3168,-62.9249,-50.9582,-60.3872,-70.0000,-64.7511,-66.5812,-56.2919,-59.5587,-47.0320,-57.6958,-70.0000,-70.0000,-63.2129,-59.7008,-51.1544,-70.0000,-67.3867,-66.3451,-50.3940,-63.4974,-70.0000,-70.0000,-70.0000,-57.0362,-68.3096,-66.1568
58,-61.2972,-66.4056,-67.2173,-70.0000,-55.2065,-61.0448,-59.2550,-54.6885,-60.2961,-70.0000,-56.6819,-70.0000,-70.0000,-62.8890,-61.2565,-66.1156,-52.1501,-66.3987,-60.7098,-65.1608,-66.7488,-70.0000,-55.3342,-65.0181,-58.2879,-52.6573,-61.0516,-66.6112,-60.0979,-65.8631,-55.1613,-62.3430,-51.9592,-58.8754,-65.5193,-70.0000,-60.5398,-61.2220,-56.7657,-70.0000,-63.1334,-68.0593,-53.8516,-61.0029,-65.5494,-70.0000,-68.2651,-55.6740,-70.0000,-64.1223
59,-57.7981,-63.9620,-68.2059,-70.0000,-55.2209,-61.7067,-62.0656,-58.4203,-62.2916,-70.0000,-62.1246,-70.0000,-70.0000,-64.3090,-64.9225,-66.4440,-49.9970,-68.0010,-58.5902,-63.3738,-68.2209,-66.1469,-58.5693,-66.3992,-59.4889,-54.5277,-57.8274,-63.1112,-59.3172,-63.3305,-53.8983,-62.6447,-56.0340,-55.7869,-66.1632,-70.0000,-61.0450,-63.7062,-57.0743,-69.5477,-66.4724,-70.0000,-50.6204,-62.3758,-63.6632,-67.6947,-67.2218,-57.7044,-70.0000,-61.0834
60,-59.7030,-68.3790,-70.0000,-68.1728,-60.1671,-58.2282,-62.5464,-61.4953,-67.2262,-65.6215,-59.2044,-69.7573,-66.5758,-63.2826,-67.3673,-70.0000,-51.3161,-70.0000,-58.7580,-60.6360,-70.0000,-68.0360,-61.5388,-64.0097,-59.7551,-52.9910,-60.1332,-67.6864,-57.5033,-63.3385,-53.1936,-63.6927,-56.8233,-54.8599,-64.6111,-70.0000,-56.5635,-59.3436,-57.1640,-70.0000,-65.1259,-68.3257,-50.7843,-60.0166,-61.9670,-70.0000,-68.1577,-58.2649,-70.0000,-62.8732
61,-63.1727,-65.5315,-70.0000,-70.0000,-57.0495,-59.6475,-67.5736,-63.4887,-69.4086,-63.8481,-55.3759,-68.4637,-70.0000,-65.7826,-68.9660,-66.2888,-47.3659,-70.0000,-61.7018,-64.3842,-69.3498,-69.3417,-65.5708,-65.9065,-58.4076,-52.1879,-63.8196,-63.4386,-56.0132,-59.0260,-52.8339,-64.4521,-53.8862,-52.8130,-67.9532,-67.6237,-62.2318,-58.7521,-57.7191,-65.5155,-68.3835,-65.8020,-51.0694,-63.6137,-57.4674,-69.7532,-66.1589,-63.2213,-68.1984,-66.8229
62,-60.5225,-62.1895,-67.1444,-70.0000,-56.7056,-56.5509,-64.1753,-60.2713,-65.6513,-67.9891,-59.5044,-65.2735,-70.0000,-66.8178,-67.5481,-63.9721,-46.7241,-66.7898,-65.0602,-67.3875,-65.0671,-67.6107,-68.6727,-62.5094,-62.4694,-52.4453,-63.7143,-58.9923,-57.5835,-57.5964,-52.0866,-65.9248,-59.1667,-51.3012,-63.1664,-70.0000,-65.0305,-55.3555,-57.2499,-61.0725,-64.2510,-65.2811,-53.1765,-68.9269,-58.6875,-70.0000,-62.0299,-65.2071,-67.1851,-63.3080
63,-61.2120,-67.3346,-70.0000,-66.2324,-60.1869,-54.1337,-68.9681,-56.6309,-67.1671,-70.0000,-59.8754,-64.3435,-70.0000,-66.4344,-67.4486,-60.1649,-49.7419,-70.0000,-61.4357,-66.3391,-64.4219,-69.0134,-70.0000,-58.4373,-58.3954,-57.6565,-62.5198,-64.4829,-57.8287,-56.1871,-55.2702,-68.3045,-57.8486,-54.2089,-62.0998,-70.0000,-61.3139,-56.8892,-57.9280,-64.2350,-64.7590,-68.5604,-51.4890,-70.0000,-54.5356,-70.0000,-58.0257,-69.5768,-70.0000,-61.9554
64,-57.0271,-68.5697,-70.0000,-70.0000,-57.5646,-58.5303,-70.0000,-55.4431,-69.9907,-67.2442,-59.2810,-61.2684,-70.0000,-66.5027,-67.7632,-64.7342,-50.4369,-68.1353,-57.0226,-69.5271,-67.6286,-70.0000,-68.4678,-61.5201,-59.0356,-56.9746,-67.2585,-68.8731,-61.1023,-60.9792,-57.6441,-69.2170,-54.4238,-57.6394,-67.0179,-65.9232,-65.7085,-54.3553,-63.4868,-65.3489,-66.4548,-69.2760,-47.7942,-70.0000,-56.2232,-70.0000,-57.6395,-68.8248,-68.8821,-60.5555
65,-59.7389,-69.3444,-70.0000,-66.4317,-59.1757,-59.6028,-69.2010,-51.3808,-70.0000,-70.0000,-61.9057,-64.0786,-70.0000,-65.0381,-70.0000,-69.4164,-48.5237,-70.0000,-53.0466,-70.0000,-69.4983,-70.0000,-64.2548,-58.6557,-57.4886,-60.1729,-64.4630,-67.2611,-61.7755,-59.1985,-53.7494,-66.8986,-59.2220,-54.8446,-70.0000,-69.9633,-70.0000,-50.4363,-64.4433,-63.4237,-70.0000,-68.3151,-51.0158,-70.0000,-56.4162,-69.9439,-62.1874,-70.0000,-64.6143,-59.0038
66,-58.5682,-70.0000,-65.2247,-62.2306,-63.6927,-61.9118,-68.2311,-51.8104,-70.0000,-70.0000,-64.2746,-63.1656,-65.2191,-68.3605,-68.9022,-65.2714,-44.7415,-70.0000,-56.0553,-66.9894,-70.0000,-70.0000,-64.5743,-54.4845,-62.5771,-58.3592,-69.4165,-62.5378,-62.8600,-61.5373,-59.1101,-63.6006,-57.1361,-54.5683,-70.0000,-68.3799,-70.0000,-47.1956,-65.5386,-60.2669,-67.7204,-70.0000,-53.3561,-70.0000,-61.6409,-66.9953,-59.2952,-70.0000,-62.0859,-58.0383
67,-59.8790,-69.3151,-61.3276,-60.6244,-68.1906,-58.2991,-67.5855,-56.1392,-70.0000,-65.5427,-64.2563,-65.4920,-61.6714,-70.0000,-70.0000,-63.5212,-45.6404,-70.0000,-57.2345,-63.8685,-69.8212,-66.4991,-60.1676,-57.0481,-65.6779,-57.2981,-69.6598,-62.0710,-62.0589,-66.8549,-64.5626,-67.6818,-62.7096,-58.2334,-70.0000,-70.0000,-70.0000,-51.8461,-61.3691,-57.9824,-69.6162,-69.1426,-49.9860,-70.0000,-58.3528,-69.5359,-57.7651,-68.4663,-60.4484,-57.2276
68,-58.5162,-68.0237,-60.0952,-65.0364,-70.0000,-57.3488,-64.4345,-54.1781,-65.0127,-69.3898,-66.4773,-69.0575,-62.4558,-65.7600,-70.0000,-59.2303,-43.6971,-70.0000,-57.1092,-60.2083,-70.0000,-68.9066,-64.2727,-61.3794,-64.3668,-57.3578,-70.0000,-67.0776,-61.5239,-70.0000,-64.8139,-67.9529,-63.0346,-60.0733,-69.3992,-68.5778,-70.0000,-51.3750,-64.4902,-55.4096,-70.0000,-70.0000,-47.7850,-65.1024,-57.0795,-67.1643,-60.7014,-68.7588,-59.4658,-53.6849
69,-59.0660,-67.2547,-55.6958,-63.9564,-70.0000,-53.1410,-62.0011,-51.2631,-69.4364,-70.0000,-64.3848,-70.0000,-60.5993,-66.4282,-65.0806,-62.8877,-43.4375,-69.8554,-53.9757,-60.1567,-69.2425,-67.7607,-60.1896,-60.4202,-67.1465,-56.8324,-66.8899,-62.8013,-59.7469,-70.0000,-64.7170,-63.6542,-66.9252,-65.0297,-68.3734,-70.0000,-70.0000,-48.6585,-68.8529,-59.8386,-68.4701,-68.8752,-51.5574,-66.1660,-55.6083,-63.4418,-64.6933,-70.0000,-58.2434,-58.0034
70,-60.3715,-63.9978,-53.6342,-59.4148,-65.4563,-49.6281,-64.5446,-50.3344,-64.5208,-65.4188,-61.8728,-70.0000,-64.6765,-68.6603,-64.0970,-59.0264,-40.1628,-67.7709,-56.6623,-63.3445,-68.1420,-68.2214,-56.2409,-62.7824,-70.0000,-55.4832,-63.9333,-62.5901,-62.3464,-68.6302,-65.8797,-60.1453,-62.5797,-67.5238,-70.0000,-65.2235,-70.0000,-48.8964,-65.1753,-64.8721,-65.2038,-70.0000,-53.1084,-61.5351,-55.2387,-66.2489,-64.5163,-67.6691,-62.8792,-56.9541
71,-60.2307,-68.7301,-50.8960,-55.2086,-65.3010,-46.0053,-60.0145,-49.6893,-67.0210,-66.6834,-59.0387,-70.0000,-69.7186,-70.0000,-62.4900,-61.4491,-43.3197,-68.7950,-59.3584,-66.2676,-70.0000,-64.6848,-55.6300,-62.5551,-70.0000,-58.7929,-62.4887,-66.9130,-59.3507,-66.0885,-69.1460,-60.4796,-63.6173,-65.7875,-66.1229,-62.0339,-70.0000,-51.5985,-67.9944,-62.3857,-65.6394,-65.3810,-55.3711,-65.2066,-51.3396,-68.9791,-61.8576,-69.2311,-66.7912,-58.0051
72,-59.3687,-64.2833,-51.5252,-59.6978,-63.7647,-47.1357,-64.1720,-50.4887,-67.3911,-69.1206,-59.2365,-70.0000,-69.1601,-69.9790,-62.1438,-66.4980,-42.7955,-69.1681,-59.5345,-70.0000,-69.7318,-65.5708,-59.1474,-58.8157,-67.8548,-64.2111,-63.2204,-64.7454,-57.3399,-64.6878,-70.0000,-62.1025,-66.3692,-66.0230,-64.5374,-63.0706,-70.0000,-53.4706,-70.0000,-59.5731,-60.8656,-65.7144,-54.0011,-62.8072,-49.2649,-70.0000,-60.5509,-68.5959,-62.4637,-58.1507
73,-57.8746,-68.1381,-54.9832,-56.1063,-59.3236,-43.7210,-62.3856,-52.5641,-70.0000,-66.9367,-54.9158,-67.6344,-66.8921,-70.0000,-57.9326,-61.9915,-44.2876,-65.3883,-62.3563,-70.0000,-66.4122,-61.1284,-64.0871,-60.1387,-69.2189,-64.0221,-59.0633,-60.1278,-62.4901,-60.5118,-70.0000,-61.9211,-70.0000,-66.2832,-67.9516,-67.7907,-69.9202,-53.5966,-70.0000,-61.6493,-65.2325,-70.0000,-55.4179,-62.3658,-48.9233,-70.0000,-56.6412,-65.5783,-63.8478,-56.9946
74,-58.2294,-63.7695,-59.8788,-61.2745,-62.8099,-49.9030,-62.6122,-57.9267,-66.9575,-70.0000,-60.2273,-64.0595,-70.0000,-65.1003,-56.9030,-59.8349,-45.0994,-64.7842,-64.5750,-67.4435,-66.3965,-59.7959,-63.0498,-63.7150,-66.3750,-60.7203,-59.3472,-56.6310,-59.6720,-61.7525,-66.4883,-63.6448,-69.5047,-67.3987,-65.6939,-66.5457,-70.0000,-52.3803,-70.0000,-59.2936,-66.3493,-66.2576,-51.7745,-64.5779,-49.5896,-70.0000,-56.7101,-66.6901,-67.6768,-56.0506
75,-56.9125,-65.5246,-58.1366,-58.0991,-66.0513,-47.5999,-60.2655,-59.0242,-62.1410,-70.0000,-58.9769,-63.1565,-67.5219,-69.4104,-54.0607,-60.6392,-44.3533,-60.7491,-64.0587,-70.0000,-67.0146,-64.7826,-59.4061,-59.7214,-62.3363,-58.6163,-63.0438,-53.3339,-60.7181,-60.2822,-67.8611,-60.2839,-70.0000,-65.1284,-68.0071,-67.7041,-70.0000,-53.1496,-67.5392,-58.7768,-67.8801,-66.1360,-48.3408,-62.4876,-51.9703,-67.6069,-59.1242,-67.5975,-70.0000,-59.6341
76,-59.3695,-66.7380,-62.0838,-57.8584,-67.3307,-48.1698,-60.9411,-58.7438,-59.9331,-65.9861,-61.6666,-64.7197,-68.7983,-70.0000,-58.2710,-65.2541,-44.6070,-63.4205,-66.9098,-70.0000,-70.0000,-62.9212,-60.4474,-60.6085,-61.3092,-60.1651,-62.0049,-51.5179,-58.0503,-65.1624,-70.0000,-58.0763,-70.0000,-69.5101,-70.0000,-65.7306,-68.8862,-58.9826,-63.4757,-55.4028,-64.7453,-61.9792,-46.6958,-64.2286,-54.4699,-64.1474,-62.0901,-67.8903,-65.0690,-59.7975
77,-64.0827,-64.5161,-61.5900,-59.5978,-65.7161,-48.9444,-61.2872,-58.2312,-60.0005,-62.1604,-60.7054,-60.5424,-70.0000,-68.3660,-62.5408,-63.6391,-44.0870,-60.6496,-65.5280,-70.0000,-70.0000,-63.3013,-62.3631,-63.1599,-66.6981,-59.0196,-62.6230,-51.9993,-62.2671,-60.9753,-68.6954,-62.4277,-70.0000,-67.8091,-66.4497,-68.0604,-70.0000,-57.6777,-65.4741,-53.7495,-64.2637,-64.0501,-50.6082,-65.2391,-53.6016,-64.6392,-62.7166,-69.1626,-63.8470,-57.2020
78,-62.5179,-60.2011,-65.4934,-64.0730,-70.0000,-49.4856,-61.4656,-55.7845,-63.1209,-64.0039,-65.2246,-61.5201,-65.7793,-66.6916,-61.8659,-59.9750,-42.2822,-64.1904,-65.0203,-70.0000,-70.0000,-59.1412,-58.0508,-61.8852,-67.3961,-62.9085,-63.6013,-56.9791,-58.1085,-65.6889,-67.0392,-67.3651,-65.0393,-70.0000,-67.4110,-70.0000,-70.0000,-56.1160,-62.7038,-59.0479,-59.7321,-63.1984,-48.1042,-64.7039,-59.1774,-62.4415,-66.9042,-65.5457,-68.0990,-62.1307
79,-60.4569,-57.0265,-61.4685,-61.8157,-68.3311,-55.2604,-65.7773,-59.3493,-66.0017,-66.3089,-66.1706,-62.4177,-67.2885,-62.0644,-60.0119,-64.2428,-40.3322,-69.0756,-63.1362,-70.0000,-67.3163,-64.0958,-54.9477,-61.2639,-70.0000,-67.5782,-63.8648,-58.2097,-55.9432,-69.1449,-63.1897,-63.6095,-60.7336,-70.0000,-68.5630,-70.0000,-67.1965,-52.4545,-59.5507,-56.1356,-60.5332,-66.9981,-51.1955,-65.3212,-58.0536,-63.5747,-70.0000,-66.0960,-63.4929,-63.9011
80,-65.3525,-58.2974,-63.4553,-60.9474,-69.3133,-59.1986,-65.1321,-59.7314,-61.3600,-68.1915,-70.0000,-60.1306,-64.0578,-59.4609,-57.3579,-62.9750,-44.2010,-65.2147,-61.1133,-70.0000,-64.9071,-65.6312,-52.5495,-62.1739,-68.5838,-66.8107,-61.5800,-54.8856,-53.3169,-65.9809,-68.1649,-59.6800,-65.4132,-67.3315,-65.5544,-67.1798,-67.9445,-50.7121,-64.3827,-52.6223,-58.4868,-70.0000,-49.9995,-68.5083,-59.1362,-67.8218,-67.4889,-67.7251,-63.7257,-62.5785
81,-60.9874,-54.0072,-67.3351,-64.9100,-70.0000,-60.1877,-70.0000,-62.4924,-56.8567,-64.7998,-66.0043,-59.1024,-67.7669,-61.0860,-57.2512,-65.1639,-46.2740,-68.1906,-58.8006,-70.0000,-65.4986,-63.0050,-49.8835,-61.5473,-68.2547,-68.0253,-58.8676,-51.1814,-56.0321,-66.1508,-63.3696,-63.7775,-62.9774,-65.3750,-69.7379,-63.6544,-70.0000,-48.9668,-65.0581,-57.8289,-56.9675,-66.4993,-50.8241,-64.8736,-61.7717,-69.4272,-69.6987,-70.0000,-59.2762,-67.3535
82,-63.5620,-53.9734,-64.5081,-65.8376,-65.1512,-60.1085,-67.0721,-59.5358,-56.7400,-64.5193,-63.5432,-57.7346,-70.0000,-62.8987,-53.4570,-69.7830,-42.5240,-66.6596,-60.2783,-70.0000,-62.8119,-59.5468,-49.8903,-58.5302,-70.0000,-68.7525,-61.4818,-54.0417,-54.0692,-64.7742,-68.6818,-63.4257,-65.0865,-60.8690,-67.6418,-68.0515,-67.9976,-47.7776,-60.6257,-60.5438,-62.0266,-62.8146,-55.9563,-69.1247,-58.7739,-67.7035,-65.8826,-68.5394,-62.8621,-66.7891
83,-67.9661,-51.2537,-68.9447,-65.9972,-64.9639,-63.3392,-68.8282,-56.8036,-61.6345,-64.3025,-63.8030,-55.7461,-70.0000,-61.3520,-58.4397,-70.0000,-48.4352,-65.7525,-56.3771,-70.0000,-59.3733,-55.6643,-50.3323,-56.3150,-68.0537,-70.0000,-59.6090,-52.3850,-55.1580,-60.1294,-69.5200,-63.5437,-64.6249,-61.4266,-67.9174,-69.4086,-68.1040,-44.4044,-64.5709,-63.1156,-58.5741,-63.5746,-55.8776,-70.0000,-54.7474,-66.4790,-65.1860,-70.0000,-63.3335,-65.2935
84,-63.8859,-54.7315,-70.0000,-67.5960,-69.9545,-59.0886,-64.3206,-59.9137,-65.2967,-66.4932,-61.3977,-55.6367,-70.0000,-60.2680,-62.8516,-66.5727,-45.4308,-69.4496,-60.2737,-70.0000,-57.5199,-55.3680,-53.2562,-61.4114,-70.0000,-70.0000,-57.0085,-51.5034,-54.6542,-64.0682,-66.4277,-65.1447,-69.5607,-62.4796,-69.1366,-67.8275,-65.2990,-41.3001,-67.9029,-67.2861,-54.6615,-63.8036,-57.5674,-68.8881,-56.8750,-64.4625,-60.8357,-70.0000,-67.6024,-68.1996
85,-60.7603,-55.6231,-68.5542,-70.0000,-70.0000,-61.6776,-61.6459,-58.3202,-62.1659,-62.6215,-64.0068,-56.5173,-66.1842,-56.2125,-60.7093,-62.6985,-50.4575,-70.0000,-63.3500,-67.0790,-61.5784,-53.9460,-55.6803,-60.0078,-70.0000,-69.3046,-61.1469,-52.1721,-53.7099,-60.6417,-62.4886,-62.2389,-70.0000,-65.4488,-70.0000,-69.2387,-61.0450,-41.8517,-64.2084,-67.4210,-59.3422,-66.7858,-60.3134,-67.1487,-52.8892,-61.3177,-59.4500,-66.6587,-66.0922,-64.8912
86,-58.4060,-59.3592,-70.0000,-70.0000,-70.0000,-61.1984,-61.6231,-58.2420,-58.5216,-62.8882,-67.5347,-59.3337,-70.0000,-59.7232,-58.8739,-63.3874,-47.6890,-70.0000,-65.6358,-70.0000,-63.3521,-51.8663,-57.1280,-64.8700,-70.0000,-66.2537,-61.0893,-56.2727,-49.9153,-59.3419,-58.1758,-63.3734,-67.0188,-65.4835,-68.4468,-69.1006,-59.8066,-40.8081,-59.7370,-69.2267,-63.9118,-70.0000,-63.5128,-64.2058,-53.4444,-64.9753,-61.7756,-63.5745,-70.0000,-65.1067
87,-62.6860,-59.0790,-70.0000,-67.0708,-66.7994,-60.0666,-62.6318,-56.5761,-56.6064,-62.8118,-62.8290,-55.4024,-69.3765,-59.4903,-63.3135,-66.3927,-52.1151,-70.0000,-67.3217,-68.5622,-64.2320,-49.5945,-59.2051,-66.0509,-66.4608,-65.7001,-63.6083,-60.2523,-48.3864,-59.8823,-59.6855,-60.3150,-68.5193,-63.5771,-70.0000,-69.7525,-58.1092,-46.6330,-58.5907,-69.8577,-62.6044,-66.6476,-68.1998,-67.7509,-49.8364,-64.6127,-66.3104,-62.7307,-70.0000,-64.0176
88,-63.9830,-57.2337,-66.6434,-70.0000,-64.4662,-56.1591,-60.6507,-59.4314,-58.8683,-65.0413,-65.7310,-52.2900,-70.0000,-61.4374,-67.2164,-70.0000,-55.2989,-70.0000,-70.0000,-67.3651,-61.2264,-47.9160,-60.8697,-63.6081,-68.8179,-61.3936,-65.2502,-58.0928,-54.4469,-58.8764,-60.9697,-57.2458,-68.9974,-64.8497,-70.0000,-70.0000,-55.1438,-43.7083,-63.1610,-70.0000,-61.3898,-62.4822,-69.4833,-66.1022,-48.2732,-66.2071,-62.6323,-67.5481,-70.0000,-63.8766
89,-63.6166,-55.8991,-68.8915,-70.0000,-65.7093,-58.4771,-60.1895,-58.8233,-62.6791,-61.1959,-62.7117,-55.9458,-70.0000,-58.9869,-67.2270,-66.3938,-54.1006,-67.9046,-70.0000,-65.4467,-66.0686,-46.8281,-60.4084,-59.3809,-70.0000,-65.0775,-68.9220,-58.8447,-52.5806,-63.1385,-61.7216,-57.7809,-70.0000,-65.4361,-69.2915,-65.7830,-53.5202,-49.9031,-63.2797,-66.5889,-57.9233,-62.9947,-70.0000,-63.1696,-50.8228,-70.0000,-58.7132,-70.0000,-70.0000,-62.7399
90,-61.5469,-55.0150,-70.0000,-69.9620,-69.1814,-62.1672,-64.0640,-62.2832,-60.0018,-62.1538,-63.9971,-59.4990,-70.0000,-57.0489,-66.1980,-63.3769,-59.2368,-68.0505,-70.0000,-60.9173,-66.5945,-46.4009,-62.1703,-57.8671,-65.9213,-67.9402,-67.7675,-63.9838,-49.5445,-61.4049,-61.3442,-60.4963,-69.5759,-65.0150,-64.9314,-68.7922,-55.7031,-48.4872,-62.4019,-66.3304,-58.3125,-60.4235,-66.7154,-61.5482,-47.3138,-65.5833,-62.8682,-70.0000,-70.0000,-64.3883
91,-63.6311,-59.6754,-68.8346,-70.0000,-66.7073,-63.1955,-62.5687,-65.8158,-62.5645,-59.4357,-62.2721,-60.6094,-70.0000,-61.4581,-70.0000,-59.8823,-59.3735,-65.9664,-67.1098,-63.4569,-67.8875,-43.9351,-59.2259,-56.7476,-68.3060,-67.5470,-68.9659,-59.3236,-49.7206,-58.5626,-64.5206,-63.6423,-67.9286,-63.0473,-62.0470,-70.0000,-51.8417,-45.1745,-58.3821,-70.0000,-56.1974,-59.2361,-62.7426,-61.6194,-50.0400,-61.5404,-61.1436,-70.0000,-70.0000,-63.3709
92,-60.0342,-64.8649,-70.0000,-70.0000,-70.0000,-60.0692,-62.5495,-65.3429,-58.4326,-56.8865,-64.2646,-60.6029,-70.0000,-63.1169,-65.0734,-62.6194,-62.7088,-69.6672,-67.8961,-62.0880,-70.0000,-45.2962,-63.8314,-56.6815,-68.1331,-62.7942,-70.0000,-56.1569,-55.0025,-58.6093,-69.7906,-60.2246,-65.0138,-62.6045,-58.5620,-70.0000,-52.0135,-47.9676,-57.2652,-70.0000,-60.6411,-62.0666,-61.1690,-65.1851,-51.9027,-65.6986,-62.8571,-70.0000,-68.2511,-66.1204
93,-60.9660,-64.1222,-70.0000,-67.9256,-67.6355,-57.0707,-63.2329,-63.8917,-57.0809,-59.5083,-65.4755,-62.0949,-69.0006,-59.1525,-69.9243,-64.5019,-59.5828,-64.9733,-63.7613,-67.1730,-69.2026,-43.1486,-66.8832,-56.1105,-70.0000,-67.8525,-70.0000,-61.3238,-60.5334,-61.1585,-67.9640,-64.3427,-62.0485,-61.9518,-60.7567,-68.0341,-49.1509,-50.3084,-57.6265,-67.6276,-60.2463,-63.4624,-63.8242,-65.9021,-51.7484,-70.0000,-61.0275,-70.0000,-66.1627,-70.0000
94,-66.1497,-61.3688,-66.0444,-68.9468,-65.3686,-53.2974,-61.5567,-65.8091,-52.7970,-57.6900,-62.5903,-59.6608,-69.5144,-58.6724,-70.0000,-63.9374,-63.6549,-69.6152,-68.1749,-70.0000,-70.0000,-40.8498,-67.7925,-53.6330,-70.0000,-64.0407,-68.8913,-57.1371,-60.3899,-66.3128,-70.0000,-65.8348,-61.2412,-60.7684,-65.0241,-65.2463,-48.8722,-52.4063,-61.1051,-69.8881,-62.9999,-68.1443,-67.2775,-67.5695,-57.3631,-67.5129,-60.0610,-67.6428,-69.1360,-70.0000
95,-70.0000,-58.8697,-70.0000,-64.7854,-61.9732,-57.1046,-61.0917,-64.2688,-56.1538,-56.8959,-64.0777,-56.8840,-65.0607,-57.1075,-66.3161,-67.9560,-67.2540,-70.0000,-68.9717,-65.0398,-70.0000,-40.0172,-70.0000,-57.1112,-68.3581,-66.6703,-67.2542,-55.6386,-64.5776,-68.9922,-70.0000,-68.5409,-59.5600,-59.0362,-69.0593,-70.0000,-49.8680,-56.3679,-63.5418,-66.1170,-58.7189,-70.0000,-70.0000,-64.1576,-54.1459,-70.0000,-59.8183,-70.0000,-70.0000,-67.7282
96,-70.0000,-54.6766,-65.8731,-66.0379,-67.0684,-62.2470,-58.6305,-59.8803,-61.3968,-53.7328,-65.9654,-58.5976,-61.0078,-60.9589,-67.3228,-67.7423,-66.4649,-70.0000,-64.4861,-67.0469,-70.0000,-40.6074,-70.0000,-53.8460,-70.0000,-67.9361,-70.0000,-61.0646,-64.7532,-70.0000,-65.5752,-70.0000,-58.3014,-59.1395,-65.1956,-67.3655,-54.9889,-52.7442,-60.5018,-61.5022,-63.8006,-68.1064,-70.0000,-67.5018,-53.8603,-66.9341,-57.5141,-70.0000,-70.0000,-63.6334
97,-70.0000,-54.9392,-69.1952,-68.8433,-63.6955,-64.7034,-57.3660,-56.6529,-57.0960,-49.7019,-67.3320,-56.1684,-59.2899,-62.0627,-67.8638,-68.3209,-68.0228,-68.1524,-60.5982,-62.8805,-70.0000,-41.7982,-70.0000,-52.3074,-70.0000,-63.8258,-69.4138,-66.4025,-64.0408,-65.9573,-60.8610,-70.0000,-59.9868,-57.4653,-63.3235,-70.0000,-53.6721,-53.0190,-59.7609,-59.6083,-62.4815,-70.0000,-70.0000,-70.0000,-56.1407,-68.6478,-60.3985,-66.3637,-70.0000,-67.2483
98,-70.0000,-53.5096,-70.0000,-69.6810,-61.8151,-67.8766,-60.7605,-58.5381,-60.8539,-47.9780,-63.5257,-60.9747,-61.0779,-58.4451,-70.0000,-70.0000,-70.0000,-65.5670,-64.7189,-63.8564,-70.0000,-40.0790,-69.9469,-49.0356,-66.9585,-69.0090,-69.0138,-67.5435,-63.5140,-64.5741,-66.2860,-65.1138,-58.6067,-59.6877,-66.6523,-68.0947,-50.0377,-54.4195,-59.1607,-63.1532,-65.0793,-70.0000,-69.3174,-70.0000,-58.5308,-64.5572,-56.1586,-65.1959,-66.1216,-68.3853
99,-66.8404,-51.2011,-70.0000,-65.2237,-60.2426,-69.5201,-59.9060,-56.2465,-60.7122,-48.2842,-66.3737,-65.9616,-62.0048,-54.3422,-70.0000,-66.7983,-65.1850,-67.0357,-65.5837,-64.4584,-68.7419,-41.5277,-65.7683,-46.2117,-70.0000,-68.4121,-69.8324,-68.3826,-59.2705,-68.1406,-66.6886,-63.5366,-56.4454,-55.6371,-68.8911,-70.0000,-55.4231,-56.1784,-57.0002,-58.7621,-61.6375,-67.6510,-69.5017,-70.0000,-62.1436,-62.2206,-54.9171,-68.0763,-63.6121,-67.4935
100,-62.3285,-53.8857,-70.0000,-62.8131,-60.4830,-70.0000,-64.4562,-58.4771,-59.2628,-52.4903,-62.1187,-68.4558,-65.9480,-57.8003,-68.1162,-68.8210,-64.1728,-69.3363,-66.5401,-67.7313,-66.7036,-40.0241,-69.7924,-51.0947,-70.0000,-65.9463,-70.0000,-67.5343,-56.7787,-67.1757,-63.1418,-63.7042,-52.5034,-57.3942,-66.5431,-70.0000,-51.2149,-52.3006,-59.9982,-59.5248,-64.0888,-63.3363,-69.9965,-70.0000,-60.2324,-57.8535,-51.7456,-67.1279,-67.9722,-62.9801
