Timestep,Neuron_0,Neuron_1,Neuron_2,Neuron_3,Neuron_4,Neuron_5,Neuron_6,Neuron_7,Neuron_8,Neuron_9,Neuron_10,Neuron_11,Neuron_12,Neuron_13,Neuron_14,Neuron_15,Neuron_16,Neuron_17,Neuron_18,Neuron_19,Neuron_20,Neuron_21,Neuron_22,Neuron_23,Neuron_24,Neuron_25,Neuron_26,Neuron_27,Neuron_28,Neuron_29,Cluster
0,0.5663,0.9127,0.5457,0.3901,0.087,0.5939,0.6347,0.0265,0.3346,0.6105,0.4452,0.517,0.2868,0.3682,0.6042,0.8384,0.2311,0.399,0.3593,0.2449,0.1707,0.7868,0.4691,0.4755,0.2325,0.4652,0.6484,0.117,0.3624,0.6531,1
1,-2.5342,-4.8419,-6.7102,0.4852,-5.1298,-70.0,-4.8969,-7.1606,-0.0764,-4.2778,0.1659,-1.4464,-1.2494,-6.2451,-0.0814,-6.4682,0.6918,-1.5493,-7.4866,-3.6989,-6.9487,-7.3204,-3.0668,-4.2916,-2.8239,-6.9124,-1.4587,-3.758,-0.0408,-4.6608,1
2,-3.7021,-6.3968,-8.3769,-70.0,-5.208,-70.0,-8.8047,-14.1354,-1.2433,-8.1931,-4.049,-0.57,-4.7747,-6.3392,-2.9649,-8.7091,-70.0,-8.7942,-7.5138,-7.9798,-10.8566,-8.7432,-2.6392,-6.6871,-8.4668,-5.5033,-1.3204,-11.9363,-4.8857,-10.4559,1
3,-7.9595,-11.1064,-11.7564,-70.0,-10.9903,-70.0,-11.8617,-14.3077,-1.0181,-7.3713,-10.7944,-7.6953,-6.7567,-7.6752,-2.0229,-8.243,-70.0,-12.539,-5.9984,-10.5673,-18.3688,-15.6208,-4.18,-10.1754,-9.648,-4.0389,-6.3209,-11.8093,-4.3429,-14.8982,1
4,-12.3557,-9.2067,-17.6879,-70.0,-13.8432,-70.0,-19.5163,-19.3667,-0.6997,-11.2413,-9.6259,-8.4155,-7.0343,-12.7129,-3.7217,-13.1874,-70.0,-15.7339,-10.8253,-10.0417,-24.6115,-14.8064,-5.7318,-11.9337,-17.6457,-7.6974,-4.9326,-14.0807,-10.5069,-18.4765,1
5,-15.506,-14.3194,-24.1396,-70.0,-19.0944,-67.958,-21.1027,-17.664,-6.1133,-17.8929,-16.7136,-7.8634,-13.9729,-17.8923,-8.6322,-20.6908,-70.0,-18.2022,-17.2931,-14.3483,-25.7156,-15.3147,-4.4036,-12.4989,-17.3136,-13.8235,-11.7145,-13.8521,-13.339,-17.1185,1
6,-17.4948,-12.1597,-27.9297,-66.0018,-25.0094,-68.3457,-25.7728,-16.3723,-10.5433,-18.8873,-19.4014,-12.2997,-15.8058,-24.2043,-16.2467,-24.1983,-70.0,-16.6063,-19.8607,-16.5812,-26.2921,-13.9609,-5.8165,-11.2378,-22.2807,-18.4529,-16.2834,-21.4514,-11.2376,-20.0959,1
7,-19.1309,-10.8281,-31.8951,-67.6362,-28.5442,-69.9386,-30.5149,-23.5784,-15.9613,-21.5214,-26.6946,-12.7094,-21.2526,-29.6857,-15.658,-22.6545,-66.5304,-23.9927,-27.2859,-17.0713,-28.1484,-18.602,-7.1268,-16.1394,-21.5074,-20.7234,-18.0648,-23.6344,-16.891,-25.1942,1
8,-16.7351,-11.764,-30.6487,-70.0,-26.5733,-70.0,-29.0359,-22.9017,-17.7055,-20.7127,-29.0543,-15.3467,-18.9801,-30.1684,-17.8402,-24.019,-70.0,-26.4,-24.4585,-18.0026,-33.531,-25.7272,-6.4968,-23.0297,-25.9848,-18.7536,-22.8974,-29.4847,-17.0796,-25.4086,1
9,-15.8678,-16.5193,-31.1276,-65.0006,-32.0957,-68.2519,-35.4091,-21.3211,-15.6744,-20.1513,-30.3331,-14.4793,-20.1424,-29.4989,-18.1841,-21.4696,-67.3692,-28.1004,-30.5097,-22.5137,-35.3973,-30.6287,-8.03,-21.1116,-26.6004,-18.1885,-26.514,-32.9996,-18.3468,-31.3875,1
10,-14.4966,-15.9202,-34.3052,-70.0,-30.2407,-66.8004,-39.3541,-22.3225,-15.2187,-18.6208,-31.834,-21.4286,-21.4096,-33.8287,-17.7911,-22.7397,-70.0,-33.9307,-33.128,-28.6937,-40.1261,-28.6473,-12.7955,-27.0278,-28.8091,-16.2739,-27.7078,-33.9466,-16.5621,-30.183,1
11,-19.8841,-21.4358,-37.5589,-70.0,-31.3408,-66.3133,-40.4645,-25.2987,-15.0759,-24.6937,-34.0621,-27.4554,-20.3586,-35.5989,-22.468,-26.7823,-70.0,-36.6461,-32.4971,-28.4066,-44.0205,-31.609,-13.1522,-24.9556,-28.1356,-21.5583,-28.3221,-37.5823,-20.4072,-29.8608,1
12,-23.4831,-28.0767,-39.163,-70.0,-30.6603,-69.6678,-39.9511,-22.7039,-14.3598,-29.6765,-34.8827,-29.0174,-18.8781,-38.1407,-26.4367,-32.0519,-66.5626,-43.0036,-33.0337,-27.4626,-45.2755,-30.8017,-15.2073,-29.1344,-27.3247,-21.1959,-32.1667,-39.0858,-19.6031,-27.0142,1
13,-26.8188,-27.0264,-43.4431,-70.0,-36.1417,-70.0,-39.4419,-27.3338,-20.849,-26.9055,-36.137,-27.4004,-21.075,-42.5559,-27.9793,-32.2088,-69.8433,-42.5569,-38.5344,-30.2096,-51.4413,-28.6979,-18.7772,-34.8337,-33.4955,-24.7026,-32.3593,-41.9864,-23.2384,-24.3608,1
14,-28.5731,-27.5741,-47.9755,-70.0,-34.6657,-68.5735,-43.2741,-29.9066,-21.8462,-27.4582,-37.2994,-33.6792,-19.7217,-39.8569,-25.7427,-33.4696,-66.1286,-42.3726,-39.6463,-28.957,-53.3522,-34.1646,-16.4112,-35.4052,-33.9409,-22.7063,-38.1372,-40.0383,-24.7695,-30.6013,1
15,-30.9842,-29.5257,-46.1062,-69.6696,-37.3665,-70.0,-45.3403,-29.0062,-26.7331,-33.5296,-43.2046,-39.0861,-19.1437,-37.9907,-24.4742,-36.0761,-66.7448,-48.2571,-43.3261,-31.5661,-53.7945,-38.8546,-16.777,-39.6064,-35.7513,-27.2394,-38.3064,-44.1281,-31.3547,-28.4689,1
16,-36.5876,-27.0301,-52.0323,-66.6587,-42.789,-70.0,-46.8644,-34.0113,-27.9733,-39.8606,-40.298,-45.2001,-19.2571,-35.2143,-29.8532,-38.867,-65.8894,-49.5781,-48.8877,-37.5133,-58.1637,-39.7962,-15.659,-37.664,-39.683,-32.1435,-36.5808,-46.5007,-29.881,-31.3271,1
17,-38.157,-24.4595,-53.1424,-70.0,-44.9249,-68.2524,-49.5643,-38.5546,-27.6287,-38.8737,-41.1133,-44.9191,-19.4335,-34.72,-35.0667,-39.549,-70.0,-48.8382,-45.371,-42.4602,-60.7558,-42.2465,-14.776,-42.7033,-44.5883,-29.2656,-33.2687,-48.3521,-33.7851,-28.8921,1
18,-44.7029,-26.2173,-50.9247,-70.0,-50.1788,-68.4133,-55.3825,-41.7959,-28.0523,-38.0721,-47.1498,-42.971,-18.907,-37.5295,-40.8452,-44.8255,-70.0,-49.7769,-46.5021,-41.9548,-59.033,-43.0303,-21.926,-45.8296,-44.5001,-30.0745,-38.1246,-45.1074,-39.3709,-33.8807,1
19,-45.2666,-24.6753,-52.1871,-70.0,-54.6561,-70.0,-54.5043,-44.3636,-32.8453,-41.8955,-45.8649,-39.444,-25.4855,-40.9406,-41.8989,-41.938,-70.0,-55.3958,-48.1993,-43.7846,-63.5018,-42.5668,-28.2925,-49.0696,-41.4449,-30.2818,-43.6449,-48.9402,-42.693,-31.6772,0
20,-46.8496,-24.1914,-52.5872,-66.1837,-56.305,-66.1672,-60.0417,-50.4128,-33.4487,-38.9515,-51.7395,-41.0519,-29.4608,-41.4169,-44.7017,-41.0916,-70.0,-58.5985,-50.5577,-49.1234,-67.5201,-43.3209,-26.9346,-50.5211,-45.0112,-29.4649,-46.3586,-48.3086,-43.2909,-35.4701,0
21,-47.1467,-27.7667,-50.0709,-61.5612,-55.1016,-62.147,-58.7293,-47.2227,-33.9177,-44.2782,-49.8365,-42.5341,-28.0832,-42.445,-48.5443,-44.7154,-70.0,-62.2414,-48.021,-53.3451,-70.0,-49.5181,-33.4267,-50.8138,-43.1054,-32.3593,-45.2651,-51.4627,-48.8883,-40.1111,0
22,-48.0352,-28.4458,-47.981,-61.8326,-55.871,-65.933,-63.1716,-43.9333,-40.1831,-40.9855,-49.8499,-42.9928,-31.0285,-43.3516,-51.5099,-49.1179,-70.0,-58.2039,-44.9324,-52.406,-70.0,-51.3311,-31.0577,-50.5476,-47.3695,-34.1931,-44.4889,-50.7851,-51.4666,-36.816,0
23,-52.5532,-30.1616,-54.0362,-59.4408,-56.6287,-67.2851,-64.2279,-47.285,-43.8502,-46.8738,-54.9116,-41.1509,-35.0445,-46.1807,-54.1042,-51.5483,-70.0,-57.3174,-46.7455,-57.869,-66.438,-48.4877,-33.6218,-50.2953,-47.018,-33.2526,-47.5011,-55.5733,-48.0826,-35.7937,0
24,-52.388,-30.9489,-51.0969,-57.2282,-56.3538,-67.0186,-63.3296,-51.116,-48.6318,-50.0519,-59.99,-46.6946,-36.5043,-47.2441,-51.3951,-54.4772,-65.7773,-54.7085,-50.8129,-54.8363,-68.4795,-50.1972,-34.8941,-54.6873,-49.9363,-39.5931,-47.6195,-57.7784,-47.1538,-42.219,0
25,-54.6389,-30.1723,-54.0628,-60.0695,-59.3669,-65.6644,-61.9069,-51.2655,-47.3745,-53.3554,-56.4894,-47.5908,-36.7113,-51.0016,-56.781,-57.4731,-64.3155,-52.6385,-51.6203,-54.3913,-70.0,-47.4666,-39.313,-50.9783,-55.1221,-43.0265,-48.2293,-59.0212,-53.1583,-39.8594,0
26,-51.4057,-35.3019,-59.7227,-64.2494,-58.5535,-70.0,-61.6829,-48.7377,-49.4962,-52.5473,-52.4969,-47.6989,-38.6615,-47.135,-60.1769,-61.2771,-62.9282,-55.3939,-56.7316,-53.9023,-70.0,-51.3633,-38.0173,-48.1343,-52.7625,-43.4107,-46.0796,-54.9344,-57.306,-44.3247,0
27,-54.4123,-38.1161,-64.5116,-60.1927,-56.54,-69.3951,-65.7951,-49.5919,-49.5374,-57.9769,-49.0644,-46.187,-43.1946,-46.0155,-64.5332,-64.1912,-60.8687,-56.2675,-53.7632,-52.0578,-70.0,-55.7605,-40.2116,-49.9112,-49.3227,-41.2535,-44.5341,-50.8565,-53.1036,-43.2453,0
28,-50.4579,-35.833,-66.5556,-57.3899,-59.9586,-70.0,-62.0156,-46.1795,-49.4525,-59.4077,-46.8003,-49.2335,-49.526,-47.7143,-61.6312,-66.4527,-57.2484,-56.7274,-54.4916,-51.0574,-70.0,-58.8697,-37.9468,-55.2776,-47.2929,-45.3722,-48.2445,-56.3289,-57.614,-39.7201,0
29,-56.3033,-35.0089,-63.1344,-62.1993,-55.6347,-69.1363,-64.1227,-51.1173,-48.8264,-63.8536,-50.3854,-48.0403,-52.4498,-51.0742,-61.467,-64.4538,-55.4067,-54.07,-58.4784,-53.2574,-70.0,-61.9793,-42.391,-57.3339,-52.0391,-48.9796,-47.1071,-61.2091,-56.9754,-45.9715,0
30,-59.7519,-41.1743,-66.1577,-64.079,-61.2195,-70.0,-66.1532,-47.3296,-50.7984,-66.119,-55.4657,-46.6175,-52.5186,-52.6745,-64.6425,-64.229,-56.1239,-51.9354,-56.4671,-53.3272,-70.0,-64.5907,-41.2922,-54.7894,-49.6122,-48.7801,-44.5355,-56.7787,-53.6464,-46.8743,0
31,-55.59,-40.4156,-63.9624,-69.2344,-61.3234,-68.6211,-70.0,-46.4644,-46.9647,-68.2958,-57.161,-52.7027,-51.9128,-52.8685,-62.3023,-66.1758,-55.0007,-49.3292,-56.8326,-50.5325,-70.0,-64.1718,-42.4548,-54.289,-52.6064,-53.4093,-49.9496,-53.8173,-50.2024,-50.2732,0
32,-53.0698,-42.7934,-63.2456,-70.0,-61.6224,-64.5167,-70.0,-51.9308,-51.7844,-70.0,-61.3172,-56.1031,-54.4096,-55.1992,-59.355,-70.0,-54.0416,-53.1191,-61.4415,-48.7861,-65.8975,-62.1841,-47.3122,-54.7469,-53.2481,-56.2784,-54.007,-53.1104,-54.6371,-55.1633,0
33,-49.6791,-42.3217,-59.2051,-66.5046,-63.6123,-60.0587,-65.4034,-49.9019,-55.5759,-66.7148,-61.3324,-57.0701,-51.0959,-57.4021,-56.8894,-66.6538,-50.0616,-58.663,-64.372,-54.2166,-69.1469,-58.3567,-46.2822,-52.9345,-50.1392,-58.6061,-51.7302,-50.7294,-50.915,-52.6238,0
34,-54.3496,-47.0003,-54.8441,-62.2853,-61.8674,-63.1401,-66.8772,-54.2129,-59.6204,-68.6239,-62.201,-58.1926,-50.622,-53.0908,-56.4645,-67.0846,-48.5903,-55.2188,-69.1083,-54.0746,-70.0,-56.7903,-50.2798,-49.8251,-46.387,-61.3087,-55.5535,-47.7786,-49.1984,-55.9313,0
35,-54.3349,-49.5346,-55.057,-58.8693,-62.412,-58.5415,-63.1496,-55.3711,-61.5322,-70.0,-65.8449,-59.9776,-49.8558,-57.1587,-59.4603,-67.4157,-45.2977,-53.6605,-66.7207,-54.3474,-67.0815,-56.5039,-46.8647,-51.5554,-48.5494,-61.8661,-60.97,-50.4416,-52.2835,-53.464,0
36,-59.6102,-46.7088,-57.8007,-55.65,-60.1159,-64.0556,-65.1528,-54.1421,-62.317,-70.0,-61.9249,-56.3506,-51.3084,-54.2545,-59.0919,-70.0,-46.1969,-52.9021,-70.0,-53.1636,-67.6385,-54.8276,-47.3713,-52.695,-52.2215,-64.5612,-63.1245,-49.9972,-54.9176,-54.4517,0
37,-61.7902,-44.6825,-58.1727,-55.4294,-63.5052,-66.5065,-60.5381,-52.998,-59.9272,-66.605,-59.8261,-54.3483,-52.888,-58.7004,-55.432,-70.0,-46.9806,-51.7336,-67.8776,-52.442,-66.1389,-53.8824,-45.9431,-58.098,-48.7913,-63.5447,-60.9473,-47.2701,-59.1453,-51.9292,0
38,-66.6805,-42.9706,-56.498,-53.3944,-65.612,-70.0,-58.8931,-51.5238,-64.9387,-66.9559,-63.996,-54.5034,-48.8683,-61.34,-56.6678,-70.0,-51.6934,-56.7205,-69.4419,-54.1429,-63.0101,-52.0755,-43.9291,-62.9465,-51.3904,-65.1637,-62.1569,-44.6186,-62.9037,-49.0177,0
39,-67.9611,-48.7344,-52.6127,-52.1957,-64.0151,-70.0,-61.654,-51.8174,-64.7483,-62.4046,-65.3682,-51.7986,-48.998,-65.6901,-56.8626,-65.7091,-48.3308,-55.8832,-70.0,-50.6322,-65.0038,-52.1281,-43.4935,-63.8573,-50.0673,-65.3738,-63.1539,-50.8265,-62.933,-52.3944,0
40,-65.352,-48.895,-55.9785,-56.7079,-61.574,-69.4646,-60.6435,-53.6195,-68.403,-67.5354,-65.9629,-55.0601,-52.3473,-66.0827,-59.7175,-68.0863,-46.4576,-53.8169,-66.4992,-48.7372,-66.9793,-57.041,-42.6175,-61.8382,-53.1641,-66.8195,-64.2161,-53.514,-60.1495,-54.1861,0
41,-66.5917,-45.4489,-54.0972,-54.7194,-57.2389,-69.2281,-60.1357,-53.5957,-70.0,-70.0,-67.9894,-58.7688,-48.5917,-62.8486,-60.6321,-66.3849,-50.8129,-54.5732,-62.4107,-53.157,-62.814,-56.5707,-40.7097,-61.9215,-58.8104,-68.6587,-63.2721,-57.4432,-58.8082,-56.1952,0
42,-63.1566,-50.495,-55.0181,-58.9502,-55.3052,-66.0664,-56.9421,-55.3322,-70.0,-70.0,-65.7268,-57.4244,-54.6062,-67.0408,-64.4108,-65.0334,-48.0134,-59.47,-65.1265,-57.8695,-58.885,-58.5477,-40.1997,-63.9415,-58.4129,-64.7648,-66.6447,-61.7012,-59.3494,-61.4094,0
43,-64.6646,-50.6968,-54.2853,-58.4745,-57.96,-68.3237,-53.5635,-52.8615,-70.0,-70.0,-70.0,-59.611,-58.8871,-68.4333,-63.3363,-62.5028,-45.1811,-56.8983,-65.6115,-58.466,-59.7482,-60.0932,-43.1102,-59.6524,-59.1601,-60.9433,-62.5611,-65.6929,-64.7927,-60.8588,0
44,-63.2501,-50.1757,-50.4236,-63.6713,-62.542,-68.7185,-56.3526,-54.6154,-68.5604,-65.9413,-70.0,-57.1851,-63.0105,-70.0,-63.0589,-58.7486,-46.179,-56.8833,-61.7325,-61.9291,-61.4282,-56.9835,-46.8458,-62.0278,-56.0674,-63.3938,-62.0335,-61.6647,-67.1021,-57.1523,0
45,-61.4719,-55.1039,-47.9568,-59.6302,-65.9649,-68.4447,-55.7092,-60.2588,-69.8524,-65.0163,-68.041,-53.7137,-67.2638,-67.1017,-60.9075,-55.2694,-46.2784,-58.8193,-58.1459,-66.2535,-61.5084,-58.3513,-44.8491,-61.0418,-60.4219,-63.2708,-64.286,-62.7713,-63.8787,-53.6997,0
46,-64.3272,-57.4095,-44.8911,-60.5143,-67.5041,-67.4933,-57.0604,-65.4476,-70.0,-61.1853,-67.201,-50.34,-66.8984,-63.6444,-60.4173,-60.5241,-43.142,-56.0114,-63.2983,-67.399,-57.6271,-55.1843,-47.4248,-65.2121,-58.7438,-60.7081,-67.947,-59.1247,-68.062,-57.4073,0
47,-64.4479,-60.5002,-42.1141,-59.0938,-67.0582,-68.5724,-53.4222,-64.6205,-68.184,-57.0198,-70.0,-52.1389,-63.2948,-64.4673,-58.7817,-57.3756,-42.7995,-55.1399,-63.9057,-70.0,-62.844,-56.173,-50.3316,-62.5043,-60.1237,-59.1575,-68.2319,-55.0056,-70.0,-53.866,0
48,-61.2651,-58.7535,-46.5462,-63.6716,-70.0,-70.0,-56.6825,-63.0181,-70.0,-56.4049,-65.5298,-48.6271,-63.109,-62.1743,-61.0508,-56.612,-45.3584,-54.9823,-60.2019,-70.0,-63.3263,-57.7679,-53.8852,-63.1068,-63.5174,-61.3076,-65.0376,-59.8619,-70.0,-56.9077,0
49,-66.2358,-56.128,-43.3879,-62.7605,-70.0,-70.0,-56.3557,-58.6376,-65.3978,-57.9139,-64.3796,-47.8564,-63.7223,-63.5874,-60.8049,-53.2401,-49.1882,-59.7007,-59.0947,-70.0,-63.4898,-53.3814,-56.8573,-64.3886,-64.4757,-56.8226,-69.5571,-60.6399,-70.0,-57.0358,0
50,-70.0,-57.5662,-44.4158,-61.3986,-66.5176,-70.0,-59.1313,-56.5693,-61.1622,-61.1626,-63.7188,-45.3705,-64.6302,-62.5911,-61.1308,-49.4583,-46.2546,-59.4012,-61.0875,-69.8637,-64.5382,-55.7802,-53.8487,-67.8287,-61.3573,-55.5078,-70.0,-62.4814,-70.0,-54.5723,0
51,-65.9766,-56.5698,-43.5262,-60.3333,-69.9448,-65.7721,-56.6019,-54.8741,-61.7931,-56.9474,-63.6788,-44.438,-66.1535,-61.672,-62.9762,-47.4613,-44.4216,-57.3061,-58.7451,-65.9457,-66.4052,-56.8674,-51.4987,-64.2217,-64.1558,-54.7851,-70.0,-61.9734,-68.9364,-51.9634,0
52,-61.4006,-60.8583,-44.7756,-60.9652,-69.8143,-63.1369,-57.5288,-59.5831,-64.892,-59.1428,-62.4244,-41.3703,-70.0,-59.0242,-64.1407,-48.8452,-43.015,-59.4318,-55.7362,-63.1804,-64.1714,-55.3951,-54.2024,-63.1974,-69.3941,-55.597,-69.8869,-59.0787,-68.7054,-49.1913,0
53,-65.984,-63.9644,-43.304,-65.1202,-70.0,-64.9312,-56.5046,-62.2605,-67.7633,-62.6155,-62.1091,-46.2597,-69.3393,-56.0073,-69.2406,-51.5477,-44.6587,-56.0709,-56.221,-63.2071,-65.9218,-60.3278,-59.6081,-62.9269,-70.0,-57.4426,-65.4432,-61.6247,-69.2803,-46.1747,0
54,-61.8792,-65.1848,-40.4027,-66.3964,-68.3497,-68.7182,-54.0353,-65.4456,-67.4218,-62.3296,-65.7939,-44.7985,-70.0,-54.21,-67.9937,-52.985,-43.3978,-57.4746,-57.9176,-64.6035,-61.841,-62.6493,-62.3792,-63.5621,-70.0,-57.9786,-65.4719,-59.3815,-70.0,-47.2292,0
55,-66.7454,-64.4192,-46.1982,-68.993,-64.7043,-63.7935,-53.9681,-66.6809,-63.3131,-65.0399,-67.5314,-49.262,-70.0,-51.2144,-67.8544,-56.6374,-42.7776,-58.4203,-63.4632,-60.0558,-65.8765,-67.1149,-65.842,-64.6573,-66.3266,-58.2204,-68.946,-57.591,-70.0,-49.894,0
56,-70.0,-65.6261,-45.5135,-64.3104,-69.7299,-68.5236,-50.6217,-62.8286,-60.5703,-63.0941,-69.9736,-45.6999,-70.0,-52.5231,-64.0724,-57.6549,-43.2507,-62.6059,-61.9838,-58.2751,-70.0,-66.5659,-70.0,-64.6576,-65.5732,-59.4059,-69.2679,-61.8289,-69.1393,-53.8816,0
57,-70.0,-67.2634,-47.2816,-60.162,-70.0,-70.0,-49.2753,-59.5578,-63.2436,-59.3031,-66.7912,-44.8282,-70.0,-56.924,-65.6083,-57.7121,-40.46,-58.4334,-66.2177,-53.9331,-70.0,-63.7881,-70.0,-62.2501,-61.1063,-58.2457,-66.038,-57.8912,-70.0,-50.5892,0
58,-65.576,-66.1575,-50.3095,-59.7092,-66.613,-70.0,-52.5652,-64.5032,-65.4473,-63.3034,-69.0805,-45.1955,-70.0,-55.4246,-65.6392,-54.9847,-39.6899,-54.7305,-65.374,-58.6296,-70.0,-68.8501,-70.0,-64.8237,-58.8202,-59.6951,-67.9406,-54.1235,-66.0426,-55.2609,0
59,-67.0184,-70.0,-54.5028,-59.8262,-67.1305,-70.0,-56.2697,-65.4726,-67.0026,-66.2227,-68.7362,-48.9895,-70.0,-54.5684,-61.8136,-57.075,-45.4094,-57.7064,-65.3784,-56.981,-70.0,-70.0,-70.0,-69.1682,-60.4399,-62.8581,-67.3626,-59.5986,-67.8068,-58.6118,0
60,-63.187,-67.2679,-53.5749,-60.8376,-70.0,-70.0,-53.4675,-69.2548,-70.0,-70.0,-70.0,-45.9518,-66.8075,-56.6893,-62.1918,-59.7525,-50.3043,-56.4365,-64.4862,-58.2163,-66.4444,-70.0,-69.1924,-70.0,-61.7423,-58.4925,-66.6524,-59.0515,-65.0989,-62.2099,0
61,-62.3627,-67.1547,-53.765,-61.323,-70.0,-67.5715,-52.5806,-70.0,-70.0,-69.1153,-66.1205,-47.5743,-62.3238,-60.9664,-65.4841,-58.5632,-55.9942,-58.6292,-68.3715,-55.752,-65.0198,-67.8802,-70.0,-70.0,-58.6131,-60.2866,-68.144,-58.3243,-69.9703,-66.1624,0
62,-62.334,-70.0,-56.2911,-60.7156,-68.6216,-67.5733,-57.885,-66.3373,-70.0,-66.0283,-66.6154,-51.0995,-59.7007,-57.6658,-61.7487,-55.1718,-61.5458,-59.3597,-69.3105,-57.9931,-67.9429,-70.0,-70.0,-70.0,-55.7392,-63.1472,-70.0,-63.4878,-69.5575,-63.9316,0
63,-66.3623,-65.0082,-56.5517,-59.5571,-64.9561,-63.825,-59.0894,-70.0,-66.7174,-65.4042,-63.4049,-49.502,-58.7654,-58.3439,-64.309,-55.4159,-57.8404,-62.8816,-69.0433,-56.9655,-65.3872,-70.0,-69.4603,-70.0,-58.4725,-61.03,-65.9638,-62.4402,-70.0,-66.3125,0
64,-62.1246,-60.5561,-53.7249,-64.9914,-65.5548,-63.5114,-56.9945,-70.0,-66.7504,-69.0634,-62.6258,-52.3371,-57.6604,-55.2675,-59.8904,-57.3105,-57.6397,-64.1812,-67.1231,-57.391,-64.4288,-70.0,-67.2318,-65.7436,-61.5172,-58.031,-66.912,-60.6531,-68.3279,-69.8063,0
65,-57.7981,-57.5906,-55.2991,-68.8197,-68.347,-67.8825,-58.2172,-70.0,-66.8772,-68.3322,-58.827,-49.1357,-55.9247,-58.9365,-65.0673,-59.2146,-62.0208,-62.819,-69.9388,-56.0432,-67.2013,-66.4839,-69.3352,-69.9048,-64.3015,-60.6899,-66.5428,-59.4657,-67.6802,-68.2249,0
66,-57.2307,-54.3562,-59.1943,-66.536,-70.0,-69.2024,-57.0536,-70.0,-67.113,-70.0,-57.5428,-46.0023,-58.6701,-62.7213,-68.2639,-57.0527,-57.7218,-62.9192,-70.0,-54.0581,-63.7149,-65.7569,-65.7877,-65.9417,-59.8707,-59.6806,-69.637,-62.722,-68.1555,-70.0,0
67,-58.7097,-51.0297,-61.0036,-69.1106,-70.0,-68.2024,-57.2753,-70.0,-64.2391,-65.2591,-61.5126,-49.98,-57.4685,-67.3745,-70.0,-56.4439,-62.0434,-67.7103,-70.0,-57.0123,-66.6934,-65.4974,-69.6888,-69.2237,-65.2417,-59.9479,-70.0,-61.8505,-70.0,-66.9593,0
68,-56.5633,-49.8703,-60.2237,-70.0,-70.0,-65.4771,-62.2525,-67.0037,-61.207,-69.5341,-64.7876,-50.9879,-58.012,-70.0,-70.0,-59.5144,-65.0181,-66.774,-66.8973,-53.7999,-64.772,-63.5358,-67.889,-65.8116,-69.6083,-65.4368,-65.3348,-64.8349,-70.0,-70.0,0
69,-55.5894,-53.3579,-58.3483,-70.0,-65.4513,-63.2221,-62.3019,-69.8817,-58.9127,-70.0,-64.5414,-51.3152,-59.0159,-68.7544,-70.0,-59.4673,-66.8694,-65.8086,-70.0,-58.0937,-62.9049,-58.9951,-70.0,-63.4159,-70.0,-63.4667,-62.3044,-63.493,-70.0,-70.0,0
70,-57.7643,-52.5379,-57.5587,-70.0,-61.4099,-60.0753,-62.5019,-70.0,-58.2734,-70.0,-68.484,-49.4737,-61.6893,-70.0,-67.8749,-60.0729,-69.8862,-64.8682,-66.4372,-56.8323,-62.9374,-63.2013,-69.7022,-62.5199,-70.0,-68.4572,-61.2316,-64.6256,-69.4599,-70.0,0
71,-62.9952,-51.806,-56.2976,-66.278,-57.2712,-61.5819,-59.6863,-70.0,-56.3184,-70.0,-70.0,-54.6313,-62.6209,-70.0,-70.0,-61.7807,-70.0,-62.598,-69.6037,-52.6749,-59.8227,-65.5789,-69.1787,-66.6635,-68.7416,-69.4997,-64.8073,-68.8073,-70.0,-66.6948,0
72,-66.4143,-53.3813,-54.2695,-65.287,-53.9265,-61.8802,-55.3707,-70.0,-52.3432,-70.0,-69.7011,-54.6961,-62.3003,-67.893,-70.0,-63.7471,-70.0,-58.12,-66.2475,-53.7319,-59.1754,-69.1399,-67.8841,-70.0,-64.3974,-70.0,-66.6036,-70.0,-67.5207,-64.4317,0
73,-70.0,-57.4008,-52.1277,-69.6132,-51.4543,-67.1185,-55.058,-70.0,-53.9537,-68.3064,-65.8056,-58.3248,-66.2748,-67.1519,-70.0,-63.3772,-70.0,-59.8147,-69.8879,-53.3157,-59.6082,-70.0,-68.2929,-70.0,-67.178,-67.6724,-68.7796,-70.0,-65.663,-59.8905,0
74,-70.0,-59.3554,-51.3983,-70.0,-53.2582,-67.5382,-60.2066,-65.2266,-52.2243,-70.0,-69.146,-58.4008,-63.6165,-63.748,-70.0,-61.4281,-70.0,-57.3098,-69.2579,-53.2934,-62.6833,-70.0,-70.0,-70.0,-69.5789,-69.8017,-70.0,-70.0,-65.4027,-55.7492,0
75,-70.0,-57.6555,-50.9787,-70.0,-58.8614,-64.5997,-58.8062,-63.6637,-49.4199,-70.0,-68.2662,-57.0128,-62.392,-66.9402,-70.0,-65.1884,-70.0,-60.561,-70.0,-51.1619,-67.4339,-66.4823,-66.5765,-70.0,-65.4901,-69.7841,-68.2024,-66.8256,-67.1899,-60.4286,0
76,-70.0,-61.7671,-47.545,-70.0,-54.7449,-65.8299,-64.025,-63.5669,-48.0224,-67.2968,-66.7749,-58.4742,-62.6236,-70.0,-67.9752,-69.2496,-65.2117,-63.6004,-70.0,-54.7818,-70.0,-68.4822,-68.7147,-70.0,-61.4503,-70.0,-64.4896,-68.9691,-68.8958,-63.97,0
77,-66.1169,-61.6404,-50.8984,-65.479,-54.6211,-64.7947,-63.1036,-68.1408,-46.832,-64.5713,-66.3569,-60.3609,-61.727,-65.9281,-70.0,-68.3658,-61.5438,-63.9731,-70.0,-56.7009,-70.0,-64.9935,-65.3525,-70.0,-66.6749,-68.3612,-62.4248,-66.652,-70.0,-62.0332,0
78,-62.2643,-65.1849,-56.7521,-65.268,-51.8533,-66.9544,-58.6443,-65.559,-46.3653,-62.8096,-65.4437,-63.9271,-61.1922,-64.6541,-67.0861,-70.0,-58.466,-65.2544,-66.9899,-59.5645,-65.6262,-67.308,-66.5731,-68.0434,-68.7233,-69.8069,-60.2468,-61.8573,-65.7714,-65.9263,0
79,-65.2935,-69.0386,-56.3865,-69.9912,-56.9138,-67.919,-62.7175,-67.0793,-50.8889,-61.3295,-70.0,-67.1077,-57.9192,-69.0524,-67.4617,-66.6201,-55.8269,-67.9022,-70.0,-56.4368,-61.5734,-62.7289,-70.0,-64.3314,-66.4281,-70.0,-60.8729,-60.2578,-68.3709,-70.0,0
80,-66.7905,-65.5785,-55.1662,-66.3726,-57.5602,-70.0,-60.0329,-70.0,-48.36,-66.4773,-70.0,-63.4996,-60.0847,-69.4145,-67.0863,-63.34,-61.4402,-63.748,-70.0,-57.4759,-66.4576,-58.2078,-68.3716,-60.5778,-70.0,-67.93,-59.1666,-61.8763,-69.1781,-69.6938,0
81,-67.304,-62.9917,-58.2501,-65.5351,-55.098,-68.6789,-59.1151,-66.7656,-52.8546,-62.6398,-70.0,-60.0909,-55.7833,-70.0,-63.965,-61.7271,-61.8111,-65.9559,-70.0,-54.7883,-65.6724,-55.6089,-66.6492,-60.9991,-68.1103,-70.0,-58.3367,-64.8894,-70.0,-70.0,0
82,-69.6901,-66.9145,-61.3719,-65.4566,-60.1085,-70.0,-54.7078,-70.0,-50.8327,-64.9744,-70.0,-55.6775,-56.3276,-68.0563,-69.0811,-64.3752,-59.438,-70.0,-70.0,-57.0737,-65.5547,-54.1309,-68.8895,-58.0152,-63.6808,-70.0,-63.8499,-61.3398,-70.0,-66.4016,0
83,-70.0,-69.2746,-65.5131,-70.0,-57.1657,-67.4772,-56.3353,-68.507,-55.0822,-64.2361,-65.4189,-61.0914,-57.9843,-70.0,-67.0612,-62.1684,-58.3733,-68.2007,-65.9349,-54.2179,-61.0005,-57.3458,-70.0,-60.3543,-68.8855,-70.0,-59.5617,-58.8023,-65.2226,-61.7844,0
84,-70.0,-67.5072,-67.8438,-67.9379,-55.5609,-70.0,-57.5621,-67.5424,-54.9537,-60.0345,-68.4519,-63.8393,-53.7796,-70.0,-67.5363,-58.2541,-57.4345,-70.0,-62.7147,-51.2751,-62.6361,-59.1507,-65.8169,-61.0204,-67.192,-65.3748,-61.4774,-63.4191,-62.3151,-60.3999,0
85,-68.0641,-63.3123,-63.985,-70.0,-59.568,-69.4816,-62.371,-65.1729,-60.2291,-56.396,-69.159,-65.7814,-53.7889,-69.0887,-68.5695,-55.0197,-62.3084,-69.2991,-60.9193,-56.0511,-63.0276,-62.5184,-66.6381,-65.4869,-67.8019,-62.4004,-61.1285,-58.9846,-61.1192,-64.8617,0
86,-69.0065,-59.7983,-64.8588,-70.0,-61.474,-70.0,-61.3243,-65.3295,-65.2664,-60.2916,-70.0,-67.7616,-50.9319,-64.5453,-67.8083,-60.6961,-60.1235,-68.0535,-61.9977,-60.8449,-63.6713,-57.9574,-67.4038,-65.7976,-68.7815,-58.2158,-65.8598,-63.2161,-64.1619,-67.9002,0
87,-69.6768,-58.6277,-63.0172,-66.0483,-59.8838,-70.0,-56.8182,-60.8118,-62.562,-64.9982,-70.0,-70.0,-49.3667,-60.7582,-63.9891,-57.8021,-62.6946,-70.0,-65.5912,-57.214,-68.1717,-56.0747,-66.4559,-64.5765,-67.813,-57.3635,-70.0,-63.1874,-63.7234,-70.0,0
88,-70.0,-58.2963,-60.5169,-69.5765,-62.1988,-70.0,-53.8808,-62.4572,-66.7042,-67.8188,-70.0,-70.0,-50.3416,-58.9655,-61.4948,-59.7414,-64.374,-69.7533,-68.2627,-58.1439,-64.1638,-53.6557,-64.6174,-63.0234,-64.2891,-56.7885,-70.0,-68.2242,-61.0639,-69.7431,0
89,-70.0,-59.6583,-56.063,-65.98,-61.9161,-68.542,-55.7684,-60.4025,-63.1912,-67.9687,-66.0883,-69.5577,-46.3603,-61.6808,-61.5848,-58.5477,-67.2139,-70.0,-70.0,-55.6586,-62.2168,-55.3052,-61.9097,-65.7482,-61.5276,-60.9277,-70.0,-70.0,-59.666,-70.0,0
90,-66.2358,-63.2074,-56.9268,-70.0,-58.9154,-70.0,-55.1841,-59.8378,-66.0936,-70.0,-63.7947,-70.0,-46.7509,-59.5206,-57.7845,-54.7797,-70.0,-70.0,-69.4375,-58.1423,-63.6617,-57.9956,-62.8203,-70.0,-60.484,-56.9939,-65.4715,-67.8818,-62.5705,-67.2583,0
91,-62.1755,-65.0086,-61.9743,-70.0,-61.5493,-69.5044,-54.0163,-58.0918,-65.4298,-66.9486,-63.2808,-70.0,-49.4746,-61.3586,-57.3264,-59.3428,-67.9313,-70.0,-70.0,-55.1196,-62.5244,-63.0286,-58.4422,-70.0,-59.4331,-56.3668,-65.2587,-66.0797,-67.7978,-63.1071,0
92,-58.2472,-67.419,-64.6061,-68.0097,-65.0408,-66.9729,-54.1723,-58.3574,-64.9874,-63.3468,-66.8138,-69.8317,-54.7699,-61.7008,-53.1337,-56.3754,-66.1757,-65.2812,-67.8565,-58.5133,-64.7717,-61.6436,-57.8901,-67.3535,-58.2531,-55.524,-63.2084,-66.1226,-70.0,-66.9589,0
93,-61.1729,-63.9482,-67.9301,-64.0646,-61.5516,-70.0,-56.8622,-60.4603,-65.323,-60.9879,-70.0,-70.0,-52.9125,-63.9033,-54.699,-59.0244,-62.7903,-60.8096,-65.0845,-63.9808,-66.5162,-59.7911,-60.8652,-67.0709,-63.7137,-61.0548,-66.4743,-62.7381,-70.0,-69.1547,0
94,-58.3403,-66.8457,-69.6935,-69.0692,-59.2943,-68.4529,-57.279,-56.9824,-67.3861,-57.0482,-70.0,-66.7738,-58.6218,-68.8839,-59.693,-55.8521,-62.7737,-57.3528,-69.3853,-69.1207,-68.0501,-63.7567,-64.4577,-67.0045,-68.3222,-57.5748,-65.1196,-58.7175,-65.575,-68.6288,0
95,-54.737,-64.2025,-65.8128,-65.9386,-56.7624,-65.0833,-60.9433,-55.7535,-70.0,-59.5434,-70.0,-69.2677,-60.7457,-65.2103,-59.2017,-59.9776,-63.4419,-58.619,-70.0,-70.0,-70.0,-69.0082,-60.3937,-70.0,-69.4957,-56.6237,-60.6644,-62.3385,-67.8673,-70.0,0
96,-53.7667,-61.2448,-63.632,-64.6799,-55.8755,-62.5179,-61.4132,-57.2425,-70.0,-56.5281,-67.2616,-67.3419,-63.071,-66.6675,-58.9628,-59.5507,-65.4303,-63.9084,-70.0,-70.0,-70.0,-68.2394,-58.3507,-65.974,-70.0,-56.6273,-58.2292,-66.1525,-67.1543,-70.0,0
97,-54.5906,-62.6207,-61.7494,-69.1381,-55.4545,-67.1975,-62.1702,-61.5826,-69.8825,-59.547,-66.6588,-70.0,-62.162,-63.7692,-60.5954,-60.0077,-64.231,-68.2783,-70.0,-65.4413,-70.0,-65.763,-59.7454,-64.5188,-69.6842,-56.791,-62.6994,-70.0,-62.6986,-70.0,0
98,-54.2721,-67.7141,-66.9373,-70.0,-58.5184,-70.0,-64.7227,-65.3312,-67.99,-55.7467,-67.7061,-70.0,-66.3833,-66.307,-63.9926,-65.3914,-69.4318,-70.0,-67.7127,-66.3829,-70.0,-70.0,-55.8071,-66.4377,-68.852,-52.779,-60.601,-69.7772,-64.3098,-67.4356,0
99,-58.3213,-70.0,-69.1422,-70.0,-57.8395,-70.0,-64.0295,-69.4017,-70.0,-60.9214,-66.437,-67.1765,-67.0742,-64.4529,-60.8823,-61.2679,-66.7452,-70.0,-67.6136,-65.9272,-70.0,-70.0,-51.6105,-62.141,-70.0,-52.2364,-64.5255,-70.0,-69.3905,-69.054,0
100,-57.9537,-70.0,-68.6131,-70.0,-57.0403,-70.0,-66.0966,-69.0879,-69.1025,-59.5824,-64.2471,-67.5485,-69.3071,-61.1388,-63.1303,-65.0548,-66.1359,-70.0,-70.0,-68.7772,-70.0,-65.6632,-52.6094,-60.1886,-70.0,-50.658,-63.9626,-70.0,-70.0,-70.0,0
