Timestep,Neuron_0,Neuron_1,Neuron_2,Neuron_3,Neuron_4,Neuron_5,Neuron_6,Neuron_7,Neuron_8,Neuron_9,Neuron_10,Neuron_11,Neuron_12,Neuron_13,Neuron_14,Neuron_15,Neuron_16,Neuron_17,Neuron_18,Neuron_19,Neuron_20,Neuron_21,Neuron_22,Neuron_23,Neuron_24,Neuron_25,Neuron_26,Neuron_27,Neuron_28,Neuron_29,Neuron_30,Neuron_31,Neuron_32,Neuron_33,Neuron_34,Neuron_35,Neuron_36,Neuron_37,Neuron_38,Neuron_39,Neuron_40,Neuron_41,Neuron_42,Neuron_43,Neuron_44,Neuron_45,Neuron_46,Neuron_47,Neuron_48,Neuron_49,Cluster
0,0.6604,0.5652,0.619,0.8726,0.3111,0.4798,0.144,0.4038,0.3106,0.6596,0.936,0.5641,0.2665,0.6944,0.5859,0.4113,0.6153,0.4993,0.6014,0.4303,0.7046,0.5628,0.3565,0.6386,0.3947,0.5738,0.6414,0.3113,0.5833,0.3972,0.4955,0.7856,0.8733,0.3186,0.2017,0.9037,0.6099,0.7003,0.976,0.309,0.4425,0.2705,0.6561,0.3396,0.6266,0.1418,0.479,0.6886,0.1088,0.2693,1
1,-5.1561,-7.0077,0.4579,-0.1053,-1.5866,-3.5282,-4.4572,-4.2249,-4.0009,-5.1355,-1.4865,-7.513,-3.3023,-6.092,-3.0384,-4.6631,-0.0694,-7.7182,-70.0,-3.4026,-0.7426,-6.3269,-6.8993,-70.0,0.1129,-3.7256,-6.791,-2.117,-1.1184,-5.8845,-5.0556,0.4876,-4.0914,-70.0,-1.2791,-1.2488,0.7785,-3.9194,-2.4587,0.8117,-8.0327,-7.4215,-4.9613,0.2683,-1.4298,-70.0,0.3289,-5.7353,-6.8591,-7.0733,1
2,-12.149,-9.2681,-1.5725,-3.9536,-2.181,-4.9214,-7.9175,-8.2311,-12.1875,-8.7964,-1.6301,-12.1834,-4.5283,-5.8605,-5.353,-10.0801,-7.375,-14.5404,-70.0,-6.1636,-8.3211,-7.7307,-11.0861,-70.0,-70.0,-8.2598,-6.3242,-6.7167,-6.6925,-13.4373,-4.8646,-6.6917,-6.3478,-70.0,-4.176,-7.9469,-4.69,-7.3486,-1.2683,-5.8294,-9.6378,-5.6258,-4.7539,-4.0211,-2.4138,-70.0,-5.9597,-10.1546,-12.3057,-14.6955,1
3,-13.4033,-10.3077,-8.9096,-2.2856,-1.765,-7.6912,-13.7669,-9.8359,-19.2394,-14.5138,-6.0172,-19.6171,-10.0116,-13.9825,-7.5674,-8.6994,-11.0338,-21.798,-70.0,-10.3533,-16.0394,-7.7978,-18.5956,-70.0,-70.0,-8.4014,-12.0237,-6.1898,-11.4742,-12.0583,-11.0252,-12.0295,-6.0246,-70.0,-11.5131,-7.1185,-3.0182,-9.1317,-7.8702,-9.0907,-14.2526,-8.6291,-5.9765,-4.6385,-9.0754,-70.0,-5.2714,-8.5756,-16.147,-14.1837,1
4,-19.0174,-8.8908,-13.0049,-3.3179,-1.9282,-7.8364,-12.7644,-14.453,-24.5078,-21.9974,-6.9842,-18.1965,-15.8827,-20.4791,-13.1711,-7.709,-18.8989,-21.6044,-65.6391,-15.6333,-16.091,-11.2188,-21.9268,-70.0,-70.0,-7.2565,-12.2855,-13.4629,-15.9322,-15.4115,-13.8783,-17.64,-6.9581,-69.9922,-12.0953,-14.0359,-2.2935,-10.791,-7.4425,-11.2861,-12.8799,-8.6012,-10.0035,-11.1596,-10.8003,-70.0,-5.649,-10.6532,-15.5696,-19.0613,1
5,-18.7058,-11.6426,-20.3493,-2.7728,-5.2043,-13.9171,-15.4037,-16.3373,-26.1266,-24.235,-11.1802,-16.9528,-20.7532,-25.0811,-19.6845,-6.7831,-23.788,-24.4121,-65.4832,-22.9914,-22.2869,-18.5682,-23.1235,-70.0,-70.0,-7.7914,-19.7512,-18.3105,-13.8718,-22.0621,-17.5415,-18.9475,-12.149,-70.0,-15.1105,-13.863,-0.7819,-18.1124,-8.7277,-11.4751,-16.9215,-11.1718,-9.1586,-9.9369,-12.4314,-70.0,-5.5696,-12.3423,-21.481,-18.038,1
6,-18.0801,-14.863,-25.4371,-6.4888,-11.8508,-19.6225,-14.6891,-23.4154,-33.0915,-22.6209,-14.9742,-18.5457,-25.0605,-27.5286,-20.7396,-8.1055,-22.5727,-26.1215,-61.0547,-26.1078,-21.8894,-21.3438,-20.6033,-68.3157,-70.0,-14.6628,-21.1708,-23.4707,-20.9563,-28.6929,-16.0875,-26.0115,-18.2935,-70.0,-18.2424,-17.421,-2.9576,-17.8659,-7.059,-10.5522,-17.2353,-13.6362,-16.4985,-16.3182,-14.9401,-70.0,-13.4731,-19.1207,-19.4756,-16.8098,1
7,-16.65,-15.4812,-30.0187,-8.5014,-15.6974,-18.3317,-19.3574,-24.0699,-32.1893,-24.6543,-16.1412,-17.6458,-30.1365,-25.3407,-26.3382,-14.4798,-22.9206,-32.1037,-66.3633,-30.2861,-24.5551,-24.4783,-25.8381,-70.0,-68.3089,-18.4876,-24.8785,-21.2528,-22.0101,-25.9099,-14.358,-25.7262,-23.6829,-67.4956,-23.0325,-18.8103,-10.0526,-17.1367,-9.8799,-12.796,-24.7878,-18.1656,-17.1228,-19.0022,-20.6533,-70.0,-16.6168,-23.4029,-25.5187,-20.0928,1
8,-20.1923,-17.6382,-31.9698,-8.3003,-22.2063,-16.5846,-24.8642,-24.2076,-33.3795,-30.4656,-19.2745,-21.7176,-30.5373,-25.2288,-26.3175,-14.822,-27.8082,-34.8629,-64.1008,-27.5594,-25.7954,-26.4472,-27.3502,-66.1456,-66.9191,-19.0638,-26.773,-24.645,-25.9623,-31.5828,-17.9399,-29.2941,-24.0551,-65.6465,-29.5023,-25.3746,-9.2577,-16.3123,-13.2892,-15.3999,-22.6221,-17.9739,-20.9566,-17.5641,-19.8436,-67.5937,-22.5211,-27.6248,-29.5977,-25.6482,1
9,-23.7484,-21.0633,-38.3129,-15.0944,-23.5165,-18.0022,-23.6612,-30.3737,-31.0965,-27.8839,-20.0146,-27.3802,-32.7602,-27.8114,-29.6296,-15.881,-33.0423,-34.8445,-67.4159,-30.1827,-27.1459,-29.2359,-33.0488,-65.4499,-70.0,-26.2172,-27.9531,-22.5418,-23.7447,-35.744,-25.0629,-32.8071,-26.0592,-61.9605,-27.4455,-29.1551,-8.4661,-14.2127,-12.647,-18.6911,-24.0261,-15.83,-24.3112,-15.2161,-26.61,-64.8159,-25.8264,-24.9061,-28.8446,-28.6374,1
10,-26.6112,-26.2966,-42.8551,-15.2591,-21.1003,-15.7495,-22.7523,-33.9872,-30.6549,-34.7639,-19.6259,-28.3066,-33.225,-31.9337,-33.912,-20.9207,-38.8253,-37.6172,-69.1591,-31.275,-32.2178,-31.9346,-38.7998,-69.8795,-70.0,-26.9243,-25.6361,-27.5804,-21.7614,-36.4961,-25.3329,-37.0263,-30.2806,-63.306,-30.79,-27.9128,-16.0258,-13.3595,-13.8481,-21.2499,-29.7159,-14.5556,-30.0,-21.3718,-28.8145,-66.6236,-30.4644,-30.7365,-29.7265,-28.8208,1
11,-29.0023,-29.1555,-42.2633,-21.1362,-19.4189,-18.3562,-25.6439,-39.6298,-31.9093,-39.0193,-20.4484,-29.1393,-35.7673,-35.3178,-40.1938,-28.1136,-42.8296,-41.754,-70.0,-32.042,-31.0874,-30.003,-43.7474,-70.0,-69.3602,-32.7024,-25.5683,-33.5789,-21.0889,-40.6945,-25.7655,-42.8741,-28.5737,-65.8614,-33.4057,-25.947,-21.7336,-18.2036,-20.1054,-25.0396,-34.443,-15.4079,-30.5254,-20.8916,-28.6529,-70.0,-30.9686,-29.7224,-27.4506,-26.8126,1
12,-29.3415,-27.762,-48.4909,-18.5898,-21.7078,-25.2357,-27.1846,-40.0567,-32.3973,-42.4714,-24.3099,-31.3547,-33.5809,-40.0769,-44.7653,-33.3524,-47.5811,-38.4587,-70.0,-36.4598,-33.693,-28.4594,-43.3398,-67.9249,-66.6329,-38.11,-31.0665,-31.8002,-23.1272,-41.1199,-24.2401,-43.0974,-34.7772,-67.2634,-31.7552,-31.1322,-26.6598,-23.4938,-24.6384,-26.8896,-34.9478,-16.6996,-36.9873,-23.3474,-33.8747,-70.0,-37.2582,-30.4462,-25.9624,-32.6855,1
13,-27.7375,-34.3536,-48.977,-23.7616,-23.1996,-30.8099,-29.1864,-37.6901,-32.9067,-41.7375,-22.9658,-35.7184,-32.4333,-36.968,-49.4804,-33.7937,-45.1955,-43.4444,-66.7559,-42.086,-40.1745,-34.2753,-42.6218,-66.9797,-65.1075,-43.7164,-35.7781,-35.0918,-23.7935,-43.3563,-30.587,-40.9734,-40.0617,-64.4625,-35.7765,-32.8066,-32.4407,-21.7007,-26.5448,-29.6089,-38.1954,-14.8036,-35.4319,-30.0711,-39.5311,-69.3166,-41.5309,-29.5216,-30.0536,-37.4425,1
14,-31.9152,-39.3247,-49.805,-21.2031,-27.4139,-37.5614,-35.7817,-39.4256,-37.1132,-43.6136,-27.4231,-35.9243,-35.3815,-37.6483,-48.9052,-30.901,-42.5453,-45.4733,-62.7322,-40.3428,-43.7889,-34.1723,-48.5248,-63.3089,-61.096,-48.7416,-32.6671,-33.2325,-29.8177,-44.1867,-33.1088,-38.7263,-42.089,-67.674,-34.553,-39.2003,-29.8188,-19.7779,-30.1622,-28.6491,-36.3381,-20.8509,-41.1329,-34.6045,-39.439,-65.0773,-38.8999,-36.2009,-31.254,-40.9093,1
15,-34.8653,-42.5118,-48.3468,-24.9692,-33.7364,-37.7592,-32.5942,-43.6591,-39.1179,-45.1558,-31.1651,-36.9846,-38.0174,-38.6716,-45.4224,-35.8626,-43.6394,-45.2292,-59.4684,-46.031,-46.705,-33.8756,-48.5836,-67.9327,-58.4623,-45.9299,-34.7498,-34.9563,-32.0501,-44.4067,-34.1107,-42.4765,-41.2931,-70.0,-31.4749,-37.2051,-27.6768,-19.5647,-35.7535,-33.8743,-36.9429,-26.352,-46.8618,-32.7383,-42.3211,-68.4059,-36.0511,-40.6904,-31.6096,-42.6836,1
16,-39.3179,-48.3555,-45.0436,-25.6382,-38.7531,-37.7143,-36.8847,-47.7013,-35.8136,-50.7358,-36.9394,-36.374,-38.3572,-43.6894,-46.0536,-36.3617,-48.6507,-47.9545,-55.3931,-51.8802,-50.5378,-35.2656,-46.8609,-70.0,-59.086,-46.9676,-37.244,-36.4635,-34.7334,-49.6585,-38.0228,-42.858,-43.3786,-70.0,-37.6154,-40.1815,-32.189,-26.3901,-40.0881,-34.304,-43.2021,-31.5867,-43.0612,-30.3963,-40.4106,-70.0,-38.396,-45.5894,-30.0465,-43.226,1
17,-36.0308,-45.303,-41.7218,-32.1419,-40.0505,-39.5505,-42.7199,-46.9146,-42.2157,-55.7855,-38.6358,-42.2288,-36.1682,-47.2412,-46.3322,-41.7011,-54.5144,-52.1258,-56.9615,-50.1281,-47.2254,-32.2527,-49.8091,-69.6041,-60.516,-46.049,-40.5426,-35.9013,-32.0937,-54.3413,-35.4397,-42.1504,-40.8748,-65.1058,-35.4933,-36.9541,-37.4096,-32.7295,-43.3667,-36.5957,-48.3455,-35.8041,-42.7905,-29.2772,-37.6672,-68.4841,-41.5742,-46.0258,-31.4243,-42.8771,1
18,-41.2341,-45.1631,-40.2304,-32.5312,-45.6969,-40.0939,-39.1709,-44.63,-44.4284,-56.7537,-44.4644,-40.2772,-33.9662,-52.6251,-51.8881,-46.4714,-58.8614,-48.7359,-53.236,-48.6253,-52.6678,-36.4018,-49.4293,-64.7653,-57.5302,-48.4663,-44.7221,-41.4607,-34.8483,-59.5752,-41.9241,-41.1132,-42.3608,-68.992,-32.8906,-36.923,-42.2851,-38.8712,-43.1782,-42.6035,-51.1063,-40.6055,-39.5986,-32.1331,-36.1378,-68.7867,-40.7809,-51.9024,-32.7853,-42.474,0
19,-46.0615,-49.5991,-40.2218,-35.0387,-43.4633,-40.7026,-38.5655,-46.4509,-44.0034,-55.1189,-45.5329,-37.1732,-39.6415,-54.9213,-56.872,-51.5191,-62.5236,-50.1123,-53.8472,-44.9017,-54.3781,-36.6876,-52.0014,-65.5077,-60.7804,-47.6176,-50.3971,-43.7971,-33.8837,-64.7036,-47.1141,-38.5389,-45.4684,-70.0,-31.9034,-34.4637,-45.3241,-41.6893,-47.5153,-47.946,-50.4707,-46.3161,-39.7107,-38.2913,-34.4884,-70.0,-39.9935,-53.3543,-36.7706,-48.1026,0
20,-50.1226,-48.5212,-45.4606,-41.3996,-43.0158,-44.2772,-40.6181,-44.5263,-47.886,-60.1954,-46.7203,-36.5565,-38.6954,-60.2139,-62.1711,-52.7027,-58.7941,-55.4673,-49.8787,-44.9101,-58.4893,-34.6843,-55.0716,-69.5677,-59.1686,-45.6135,-55.863,-41.7064,-35.0063,-68.8243,-48.0614,-39.9848,-46.9752,-70.0,-32.6819,-40.2287,-45.1399,-45.6215,-44.34,-48.0385,-49.9987,-48.2741,-36.9242,-34.9056,-39.0855,-68.7866,-42.5786,-54.3274,-39.3821,-51.2343,0
21,-51.8794,-49.1044,-45.0235,-44.8172,-39.863,-42.8856,-47.0179,-44.3506,-46.4411,-58.7229,-50.1453,-36.3742,-39.1797,-63.9741,-67.3099,-57.2995,-61.2949,-58.2794,-51.904,-48.0892,-58.5751,-39.8716,-57.8701,-68.7086,-56.7205,-47.3852,-59.0581,-43.94,-40.8968,-66.9105,-48.3712,-39.7359,-50.4849,-70.0,-38.7488,-44.8688,-43.5802,-42.3719,-46.9983,-46.8601,-46.8514,-45.672,-37.6678,-34.0979,-41.9493,-70.0,-40.5848,-52.8038,-41.2353,-48.3668,0
22,-51.9679,-52.1795,-50.439,-45.5078,-38.9972,-39.6813,-48.85,-44.0095,-46.9864,-58.8111,-53.8927,-34.2387,-37.1572,-63.0462,-70.0,-56.8214,-58.7203,-58.4926,-53.1773,-44.3615,-57.4796,-41.7679,-62.1391,-69.9394,-58.4759,-49.3979,-54.6806,-48.0564,-43.1198,-64.1924,-46.7146,-41.9946,-49.0307,-68.5413,-37.0256,-46.9855,-45.4055,-45.9895,-47.2438,-48.7649,-51.236,-49.1358,-34.4131,-31.9101,-39.4635,-68.2877,-42.2394,-49.9348,-41.6202,-46.1996,0
23,-53.6864,-52.3203,-46.9391,-44.92,-41.8757,-39.7768,-48.9556,-44.3911,-52.3056,-62.0227,-55.5833,-31.4858,-39.3157,-61.7849,-66.078,-56.4933,-58.754,-58.1748,-57.9288,-42.2105,-59.1206,-38.2679,-65.6614,-66.5034,-56.825,-46.7427,-60.2452,-48.7771,-42.9056,-64.2814,-50.9844,-40.7356,-46.7495,-67.2064,-38.7728,-47.8456,-42.392,-45.6495,-51.4898,-52.6155,-48.5053,-53.2637,-33.2174,-31.3295,-40.6598,-70.0,-46.3285,-54.5416,-39.2153,-51.7033,0
24,-51.7355,-52.0216,-44.6095,-49.5574,-43.6912,-43.2786,-45.4441,-45.0425,-55.2792,-61.526,-54.0392,-36.9644,-36.5326,-60.1763,-65.6149,-57.3723,-62.4546,-61.368,-59.2718,-47.6178,-62.3353,-36.1411,-65.6727,-70.0,-55.8413,-47.331,-56.7931,-47.3824,-47.7821,-66.7225,-51.8583,-46.2147,-44.0985,-64.9028,-43.671,-47.6669,-47.1631,-49.9961,-50.7032,-49.5264,-48.6401,-57.1683,-38.73,-28.6439,-44.2094,-70.0,-51.7153,-56.6733,-36.1574,-51.7066,0
25,-49.5394,-54.0032,-44.0432,-47.417,-48.1629,-40.1198,-45.7779,-44.6945,-51.3483,-60.4381,-50.2254,-36.932,-39.9691,-63.1708,-70.0,-61.6199,-61.8543,-58.8663,-60.0277,-53.0222,-63.1579,-33.7759,-69.3722,-69.2743,-53.7911,-46.3138,-54.2129,-49.0501,-53.3867,-70.0,-56.3114,-45.8921,-49.0565,-60.6556,-42.0847,-49.764,-52.0243,-46.7105,-51.9799,-46.112,-53.4877,-55.8147,-38.2829,-26.3478,-46.3853,-67.3162,-55.4643,-55.0793,-41.4449,-57.4761,0
26,-49.1252,-57.2323,-42.2178,-45.7424,-53.6154,-44.0544,-45.6631,-42.5787,-47.8287,-57.9975,-55.5946,-37.9235,-36.8029,-67.7665,-70.0,-57.9027,-62.2528,-59.3065,-61.1487,-55.2081,-59.3439,-39.0077,-67.2043,-70.0,-50.2703,-47.3257,-52.589,-49.3843,-57.7546,-69.2404,-58.8219,-45.9427,-52.1564,-64.8198,-40.9774,-51.9071,-55.7295,-51.8886,-50.9953,-44.1783,-49.4044,-59.3987,-42.8569,-31.1074,-49.9626,-66.6254,-53.8841,-58.9563,-44.9509,-62.6058,0
27,-46.2624,-55.4282,-43.4139,-51.1957,-56.0187,-43.2637,-43.2637,-42.079,-51.485,-62.0152,-60.3591,-40.1194,-36.8046,-70.0,-68.2017,-60.9727,-63.8819,-60.5409,-65.6154,-52.3572,-59.6338,-41.9111,-70.0,-67.1056,-52.8116,-45.3119,-55.4919,-51.7745,-60.8416,-70.0,-64.1155,-47.9948,-51.6504,-64.0503,-38.7384,-57.7692,-56.4275,-51.9453,-55.6717,-43.8214,-52.5566,-57.5078,-42.5001,-32.6002,-48.4383,-64.1428,-51.0238,-59.6896,-41.5173,-60.9289,0
28,-48.2301,-57.0473,-40.2445,-55.359,-61.1505,-47.95,-45.0672,-43.3863,-54.3519,-58.5075,-59.3908,-37.7854,-43.4238,-66.0366,-64.4818,-66.058,-65.4361,-58.1354,-68.5932,-55.7416,-61.6884,-39.6478,-70.0,-62.6567,-54.7619,-49.5069,-60.7791,-49.0337,-61.2681,-66.4782,-65.4929,-44.6047,-55.6395,-63.4608,-45.2019,-57.0671,-59.4994,-49.2024,-51.6479,-47.6358,-49.2224,-60.5814,-40.4392,-30.9898,-49.7485,-64.2207,-50.8238,-58.4244,-44.9437,-66.1585,0
29,-46.0859,-57.2421,-43.0219,-55.8233,-58.3205,-50.7644,-48.2222,-44.7267,-57.2162,-62.0308,-60.4982,-35.0022,-49.2537,-67.8499,-64.1935,-62.5004,-65.7336,-55.1363,-70.0,-55.4293,-62.0184,-36.1929,-66.9831,-58.8129,-59.6075,-47.8321,-57.5721,-51.9672,-64.6102,-68.2446,-66.458,-49.3145,-53.9974,-67.2203,-47.5246,-54.0678,-56.0166,-52.7827,-57.3526,-47.3987,-52.702,-56.2592,-40.9164,-37.6765,-52.8691,-64.7281,-48.7228,-56.6527,-45.1108,-69.4045,0
30,-45.7512,-59.5671,-43.8667,-54.5044,-60.4256,-51.1983,-53.9246,-49.6695,-60.473,-66.2348,-65.8491,-41.0708,-47.839,-63.289,-68.4308,-66.6003,-69.1745,-51.8013,-65.6358,-57.5583,-63.7654,-37.4708,-63.8021,-58.8496,-55.3598,-47.2459,-59.6339,-55.4279,-62.325,-63.9346,-64.3608,-54.6046,-58.3498,-66.3513,-52.5158,-52.9489,-54.7466,-53.0342,-60.4492,-43.9674,-58.1926,-55.7075,-44.91,-44.124,-53.8845,-66.2762,-48.2417,-58.0426,-48.8055,-70.0,0
31,-45.8512,-55.7118,-40.3948,-57.4362,-63.3464,-48.8216,-55.1909,-47.6774,-64.0973,-66.8588,-70.0,-42.7243,-46.2021,-58.6633,-69.9749,-69.4543,-70.0,-53.0294,-62.4313,-58.896,-59.3749,-37.0993,-61.819,-58.4982,-55.3322,-52.0347,-56.9557,-58.3317,-60.0676,-64.341,-62.3647,-53.5207,-58.513,-69.6707,-49.1049,-49.8522,-53.3016,-53.9609,-57.5012,-43.8924,-56.5374,-51.4506,-47.6721,-49.6894,-57.257,-65.7278,-49.5201,-61.2532,-52.2775,-70.0,0
32,-50.0686,-59.3243,-42.213,-53.5901,-68.4353,-53.7928,-57.0307,-45.4625,-66.3767,-63.1192,-65.3465,-39.3542,-47.6733,-55.6743,-70.0,-64.6352,-70.0,-49.7119,-59.5842,-56.7298,-57.793,-39.8329,-59.6707,-59.1696,-56.5207,-54.4489,-57.1308,-62.9241,-60.2143,-59.8677,-60.3855,-58.8034,-57.337,-70.0,-49.3157,-48.571,-51.8633,-55.7041,-56.9652,-41.2729,-57.4097,-54.6294,-52.1637,-51.9168,-55.1762,-61.4465,-47.3796,-57.3368,-51.2461,-70.0,0
33,-47.9772,-58.9473,-39.9185,-59.2381,-70.0,-57.5525,-56.0756,-43.0145,-67.8458,-58.5427,-68.2129,-37.8143,-46.2251,-53.1217,-70.0,-64.2745,-66.7161,-48.492,-56.8089,-56.4789,-54.2917,-40.0454,-60.4579,-64.0068,-61.2604,-52.5217,-53.7045,-66.6756,-58.3508,-62.4595,-63.5183,-62.9122,-57.0326,-70.0,-49.2683,-48.283,-54.8733,-61.1221,-53.4874,-39.3504,-58.487,-59.3367,-53.1724,-54.0406,-55.1674,-65.195,-52.4268,-60.954,-53.2713,-66.5703,0
34,-49.6492,-61.9417,-40.8233,-63.8895,-70.0,-57.9618,-57.008,-43.0447,-70.0,-58.223,-69.2366,-35.7233,-45.2248,-56.1623,-68.6793,-69.5334,-64.9725,-53.2581,-53.9687,-55.9656,-51.2661,-38.523,-65.2402,-63.0113,-59.4171,-57.3689,-55.6766,-68.4584,-63.1481,-60.6582,-59.1948,-62.0733,-62.4829,-70.0,-54.2767,-54.0538,-52.3776,-61.9711,-50.0402,-37.6715,-54.3656,-63.0905,-56.6112,-54.8126,-54.8124,-60.8124,-57.9311,-65.7531,-52.8361,-70.0,0
35,-47.1325,-60.7961,-40.8915,-67.6559,-69.2627,-54.4563,-59.5538,-48.384,-70.0,-62.8269,-66.2031,-37.7922,-43.876,-53.6365,-64.4014,-70.0,-68.6973,-58.1884,-52.3869,-51.8671,-50.0323,-42.826,-65.577,-65.4544,-60.0082,-56.9937,-56.0153,-70.0,-59.4163,-58.0302,-60.6974,-63.9589,-61.0065,-70.0,-54.5421,-51.2387,-55.8581,-65.3306,-54.0204,-43.0836,-52.4974,-67.8093,-61.195,-54.5367,-59.3826,-57.6901,-61.1223,-63.0518,-49.8807,-69.1775,0
36,-43.6748,-66.1049,-43.6864,-70.0,-70.0,-53.4391,-56.8442,-44.5027,-70.0,-59.227,-66.9317,-38.023,-44.4684,-57.9426,-65.6495,-67.1528,-68.0431,-54.1679,-57.1723,-55.4271,-50.4866,-39.6171,-62.2057,-67.9802,-61.8382,-59.1232,-56.3471,-70.0,-58.0693,-54.2174,-62.5453,-69.1442,-59.3939,-66.5443,-59.4081,-53.6738,-57.5958,-66.671,-53.5806,-48.2008,-56.8877,-64.0055,-57.0493,-57.7514,-56.2399,-60.6024,-56.575,-62.5921,-49.1979,-67.0697,0
37,-46.2812,-70.0,-49.9184,-66.9534,-70.0,-56.2583,-57.5478,-47.2516,-70.0,-64.7542,-64.5616,-41.3239,-50.6777,-57.3751,-66.1908,-65.3087,-70.0,-54.3421,-62.6262,-52.5496,-55.6379,-41.205,-60.7378,-67.5707,-65.3473,-59.2033,-59.6571,-70.0,-56.4171,-55.7074,-61.4242,-65.8676,-62.7888,-68.6756,-56.0777,-56.3123,-53.2207,-67.9637,-49.7912,-45.8968,-54.7492,-64.1385,-61.8477,-59.7774,-59.9234,-61.4503,-59.4813,-60.1108,-52.7057,-70.0,0
38,-43.519,-70.0,-48.168,-67.6173,-70.0,-52.0961,-58.2726,-53.1885,-70.0,-66.3514,-59.86,-38.7881,-54.3731,-58.7372,-61.9371,-60.96,-70.0,-52.066,-67.6627,-57.7474,-53.1649,-38.9833,-58.1843,-70.0,-66.783,-59.1869,-59.9971,-70.0,-54.4905,-56.0111,-58.4308,-64.1386,-61.1917,-67.6649,-60.2298,-60.0129,-50.5868,-64.5064,-53.885,-51.962,-54.4301,-59.9795,-65.777,-58.6009,-56.7,-59.5628,-59.6795,-57.0083,-51.3067,-68.6288,0
39,-46.4633,-68.8303,-47.2496,-65.6956,-65.4368,-50.3618,-61.6312,-53.1311,-70.0,-63.3,-62.782,-40.8975,-59.8182,-56.8101,-67.1071,-61.0431,-68.1563,-56.7376,-64.7795,-56.623,-55.589,-42.8333,-54.4228,-65.1596,-67.2897,-62.7692,-62.0763,-68.7046,-52.0212,-58.4928,-59.1407,-64.4521,-57.899,-65.4477,-63.2664,-60.9301,-54.7724,-65.4602,-55.526,-55.9343,-60.0952,-56.5038,-62.5521,-57.0226,-61.6189,-62.5848,-57.2841,-56.3055,-54.1688,-66.2087,0
40,-45.5028,-68.9258,-49.4745,-67.9412,-62.3175,-54.2566,-62.3204,-54.1873,-69.348,-63.1991,-58.5488,-44.9284,-60.5656,-59.6844,-68.9727,-57.9342,-67.4023,-57.3588,-69.6793,-55.4935,-60.4352,-42.2533,-58.6508,-68.5483,-70.0,-61.2509,-58.2369,-70.0,-51.002,-56.4422,-58.4985,-68.0176,-53.6281,-64.1154,-68.0372,-60.8239,-55.7355,-62.3504,-52.7475,-59.8106,-64.9743,-59.8028,-61.8959,-58.1576,-58.1104,-66.7712,-58.4087,-54.4781,-57.2377,-67.9387,0
41,-47.8115,-65.5495,-51.4084,-63.2077,-67.2716,-55.8442,-61.5482,-50.029,-68.9518,-61.9038,-57.3786,-47.2685,-64.605,-60.3915,-69.9044,-55.3138,-63.0724,-61.7541,-65.73,-52.4839,-56.4011,-42.447,-60.6385,-65.1583,-68.3905,-58.0073,-54.5586,-70.0,-48.7435,-58.1725,-57.8958,-69.4955,-50.201,-60.2579,-64.1021,-59.2487,-51.5087,-63.3503,-56.2498,-59.1879,-68.1401,-63.8885,-63.3084,-59.8319,-61.6878,-65.2207,-59.0358,-51.277,-58.0427,-70.0,0
42,-53.6407,-67.068,-52.0824,-62.8609,-70.0,-60.0636,-65.1999,-46.1408,-70.0,-64.8905,-54.2315,-50.7655,-66.8291,-58.0139,-66.2661,-52.2225,-61.5838,-57.954,-63.8005,-58.1911,-55.9265,-39.5995,-64.0496,-63.7674,-70.0,-59.8439,-55.6494,-67.8976,-48.8066,-57.976,-61.9787,-66.2883,-48.6295,-60.3728,-63.934,-61.0214,-53.9106,-59.6975,-57.0024,-62.8337,-70.0,-66.8549,-64.875,-59.456,-62.1318,-65.1976,-59.6587,-55.4163,-63.2938,-70.0,0
43,-52.2934,-68.7264,-57.9024,-64.4824,-68.1654,-65.1524,-65.8133,-48.041,-70.0,-68.5201,-54.1263,-48.6422,-69.1046,-58.5068,-64.1975,-52.713,-66.9275,-57.1276,-61.3871,-60.242,-58.2662,-46.0183,-63.4727,-61.0643,-70.0,-58.7483,-51.6898,-70.0,-45.8427,-55.4272,-60.3197,-67.6595,-51.0871,-64.5263,-66.4826,-60.7797,-58.582,-57.3627,-58.1109,-61.5591,-70.0,-66.7898,-63.7713,-61.3581,-61.9197,-69.6697,-56.2584,-55.608,-66.8688,-66.0996,0
44,-51.4641,-70.0,-61.7523,-66.6888,-70.0,-65.9729,-63.3166,-52.9048,-65.9926,-65.7966,-57.2953,-52.6418,-70.0,-56.2195,-67.5122,-49.587,-70.0,-54.0077,-60.5136,-60.3346,-60.8603,-51.4426,-62.4639,-63.6211,-70.0,-62.2207,-49.8769,-69.9914,-44.6562,-60.7438,-57.8688,-70.0,-50.4703,-60.0083,-67.0487,-59.5865,-59.2635,-55.2442,-54.0999,-58.2585,-67.7674,-67.11,-60.3894,-64.1459,-61.5319,-66.0062,-57.9736,-52.7514,-67.4516,-69.6382,0
45,-53.3202,-65.3775,-64.7883,-62.0951,-70.0,-61.7536,-60.7446,-51.0133,-62.318,-62.5995,-55.4772,-53.1399,-67.6559,-53.2398,-65.3662,-52.2579,-65.39,-56.7934,-63.7989,-60.8832,-61.3689,-49.1337,-58.0375,-62.0772,-70.0,-59.1311,-48.3045,-68.1507,-46.4424,-64.3534,-58.2017,-68.0279,-53.7163,-59.0535,-64.618,-64.762,-55.7653,-52.7954,-59.6243,-54.129,-64.6769,-68.7895,-62.6274,-68.4321,-62.0189,-65.9428,-56.2821,-53.1553,-68.757,-70.0,0
46,-50.2848,-66.0987,-67.7101,-59.9994,-69.5592,-59.9466,-58.1903,-55.4168,-61.4996,-66.435,-52.997,-57.8624,-70.0,-50.9256,-63.7041,-54.3117,-69.2978,-56.553,-65.2253,-58.0451,-62.2304,-46.1043,-58.625,-58.3546,-68.8324,-58.4402,-45.1058,-70.0,-47.4679,-66.1824,-58.6818,-70.0,-58.019,-57.7479,-63.568,-60.2291,-59.8702,-52.3951,-61.1649,-59.4089,-65.3717,-64.4169,-64.7132,-68.1483,-58.7669,-69.2174,-61.5439,-57.6977,-70.0,-70.0,0
47,-49.7928,-61.7787,-64.5951,-64.9194,-64.8915,-62.5806,-57.134,-56.1942,-59.1814,-66.6753,-51.0812,-55.247,-70.0,-54.1134,-65.9129,-59.843,-70.0,-60.2412,-63.0826,-56.3569,-67.3787,-47.2578,-56.1091,-57.8827,-70.0,-54.0681,-50.3436,-70.0,-53.0385,-67.7739,-56.9699,-70.0,-57.1862,-59.352,-65.9359,-63.9678,-60.8486,-54.0356,-59.5301,-61.9561,-62.6393,-69.1379,-65.7829,-68.3879,-55.0418,-69.7392,-64.6431,-54.9278,-70.0,-70.0,0
48,-50.458,-66.6146,-64.274,-66.3591,-66.4717,-65.9457,-62.7704,-53.2166,-59.1811,-63.5361,-50.6928,-52.6995,-70.0,-53.6197,-68.2757,-63.6471,-67.2374,-57.548,-62.9289,-60.0077,-70.0,-44.1623,-53.969,-55.8523,-70.0,-52.4948,-46.4336,-67.3272,-52.8835,-70.0,-61.9885,-70.0,-56.6958,-56.352,-66.1956,-68.334,-59.2593,-53.745,-55.1588,-64.1514,-67.9433,-70.0,-68.7562,-68.6107,-53.9218,-70.0,-67.3421,-59.4303,-70.0,-66.0234,0
49,-49.3061,-68.0468,-69.1452,-61.8135,-67.1816,-70.0,-61.0191,-56.4406,-60.7347,-68.7168,-55.3734,-52.0201,-67.3917,-55.4492,-66.0372,-66.4937,-70.0,-57.3945,-60.091,-62.656,-70.0,-43.8017,-51.8457,-51.9687,-70.0,-56.07,-48.5152,-66.0632,-55.155,-70.0,-64.589,-70.0,-59.7325,-54.2619,-70.0,-70.0,-63.8131,-55.9517,-57.4089,-69.3146,-68.25,-65.458,-68.292,-70.0,-52.5209,-69.2766,-66.8758,-58.9395,-67.2716,-61.3925,0
50,-52.7131,-68.192,-65.5356,-61.1525,-68.0239,-70.0,-60.3459,-57.1407,-60.4225,-66.0821,-51.1118,-52.582,-69.7758,-54.7983,-68.0688,-67.1956,-70.0,-59.7802,-62.0316,-58.8352,-70.0,-44.599,-56.9794,-57.2986,-69.1823,-56.6103,-47.5632,-65.9932,-51.724,-65.9535,-60.1967,-70.0,-64.6469,-53.9205,-65.409,-70.0,-60.0095,-53.8739,-61.715,-69.3049,-70.0,-61.7557,-70.0,-65.5293,-54.1719,-66.7668,-62.133,-58.4002,-66.8495,-63.2015,0
51,-58.4205,-69.0582,-62.7315,-60.0687,-67.6883,-68.8805,-58.0101,-54.439,-63.4693,-66.8211,-49.9627,-58.3819,-66.3617,-54.8614,-67.3456,-62.6114,-70.0,-59.0434,-65.8547,-58.5614,-70.0,-44.5966,-58.2718,-56.1385,-70.0,-61.7447,-43.7551,-63.6278,-49.4415,-65.4341,-62.0703,-70.0,-60.4103,-57.7864,-69.2501,-65.7303,-62.6645,-50.2347,-65.7094,-66.7393,-66.9349,-66.693,-66.466,-61.4816,-59.6646,-67.5617,-58.4318,-63.5982,-62.2407,-66.7512,0
52,-58.5088,-70.0,-67.0161,-60.5501,-65.623,-67.9508,-59.042,-58.6669,-62.7461,-68.8828,-51.4165,-60.4946,-66.0896,-51.9828,-69.8593,-62.4398,-69.2306,-63.7422,-65.3388,-56.2469,-70.0,-48.0773,-54.0038,-58.9201,-70.0,-58.7343,-48.167,-68.3154,-53.8187,-67.312,-58.4797,-70.0,-64.4414,-58.9687,-65.1629,-63.357,-67.4148,-49.0433,-67.5712,-66.5264,-68.651,-67.4617,-66.3462,-57.7312,-55.6364,-62.8701,-57.0391,-60.0621,-59.8468,-67.0256,0
53,-61.2299,-66.9691,-69.5483,-64.0947,-62.4839,-64.2668,-61.7063,-55.9876,-61.6736,-66.9127,-53.1118,-59.0991,-67.844,-47.9933,-70.0,-62.1363,-67.7782,-64.9137,-63.8131,-53.5492,-70.0,-47.2716,-49.9209,-63.4666,-70.0,-62.5072,-48.0128,-70.0,-51.5817,-68.9254,-60.5022,-70.0,-64.7903,-55.8793,-65.1636,-59.5447,-70.0,-53.3654,-64.0277,-67.8303,-69.9899,-70.0,-67.9441,-54.6497,-56.7856,-60.8385,-60.1228,-56.0225,-62.8368,-69.7246,0
54,-59.6114,-68.1775,-66.5548,-64.9863,-62.0239,-67.2395,-66.1644,-57.1926,-64.9203,-67.5164,-53.075,-62.4304,-66.5431,-50.0353,-68.1616,-58.9718,-69.24,-60.3542,-68.5991,-57.0945,-66.8178,-46.4358,-50.4134,-62.0468,-69.9598,-59.054,-53.2047,-65.4783,-52.5525,-64.7058,-58.427,-65.8268,-62.6475,-59.5416,-62.6179,-64.9863,-70.0,-57.3275,-62.4927,-70.0,-70.0,-70.0,-68.5719,-52.7168,-56.0309,-62.6844,-62.849,-56.5202,-61.5089,-70.0,0
55,-58.4323,-68.5989,-62.3475,-65.9797,-57.7282,-62.412,-62.9496,-61.1078,-65.6992,-70.0,-56.0468,-64.1599,-69.3572,-54.261,-64.2986,-59.1457,-70.0,-56.7363,-69.5906,-59.3925,-65.1077,-46.1771,-48.9648,-64.3695,-67.1165,-56.7619,-50.447,-68.2957,-50.6634,-60.2828,-55.602,-63.9519,-65.9592,-57.0653,-67.0422,-64.0546,-65.004,-60.8504,-64.3012,-67.2262,-70.0,-70.0,-66.169,-57.6708,-60.4804,-58.3764,-62.4229,-57.0002,-63.8675,-70.0,0
56,-60.6783,-67.7196,-59.3299,-67.5902,-57.6445,-58.7285,-58.6479,-64.8778,-70.0,-70.0,-60.8371,-66.1661,-70.0,-58.4978,-61.1691,-56.5891,-70.0,-56.6078,-67.5126,-61.6087,-61.1203,-49.6655,-53.421,-64.8511,-66.814,-52.8027,-49.6429,-66.8829,-50.7542,-65.7282,-56.3215,-64.3201,-63.2139,-55.7779,-70.0,-59.7884,-68.7854,-56.4543,-64.1672,-65.4151,-67.4677,-70.0,-70.0,-58.6351,-63.011,-54.4461,-58.8826,-55.8398,-68.4819,-70.0,0
57,-57.5992,-67.478,-55.5143,-69.4538,-61.3319,-60.8781,-57.3693,-64.4837,-70.0,-67.2108,-57.9457,-64.7692,-68.0051,-62.7781,-65.1216,-55.8646,-70.0,-59.7011,-68.5878,-59.9427,-63.7303,-54.0634,-54.8518,-62.4763,-62.4403,-57.6431,-47.3697,-70.0,-50.6018,-70.0,-59.2733,-65.8183,-58.8371,-55.3933,-65.7566,-59.8373,-68.8925,-59.9054,-63.1764,-61.9126,-68.9035,-70.0,-65.0694,-63.2458,-64.9447,-58.481,-58.344,-53.5691,-64.6004,-68.6842,0
58,-59.2049,-68.1082,-53.2383,-69.98,-61.2894,-57.0245,-59.9497,-65.9257,-67.9789,-65.0718,-57.7566,-68.451,-70.0,-60.8565,-67.7056,-55.4733,-66.9087,-62.643,-69.3679,-62.4483,-61.3667,-55.6475,-58.7352,-62.15,-64.9604,-58.7048,-46.3887,-69.9547,-50.5873,-69.5669,-64.4095,-63.385,-54.4769,-58.3974,-69.7,-57.2681,-67.8923,-55.7006,-64.369,-66.0074,-69.3379,-70.0,-63.6676,-59.7775,-61.8647,-55.0357,-59.5531,-51.4343,-63.8529,-70.0,0
59,-62.8699,-68.8207,-54.9974,-69.5604,-66.3721,-57.295,-63.842,-67.1944,-70.0,-65.8158,-60.0678,-67.2189,-66.4445,-58.3715,-65.4255,-52.4088,-69.6049,-62.7926,-70.0,-59.5201,-57.8636,-60.8786,-61.0677,-59.5447,-67.0901,-63.218,-45.7734,-65.655,-50.7694,-70.0,-67.8655,-64.0733,-59.232,-54.5262,-65.7213,-54.0955,-67.136,-58.0637,-68.8126,-63.2311,-70.0,-70.0,-58.9844,-63.2892,-60.2826,-56.2576,-60.6827,-51.0054,-59.184,-70.0,0
60,-67.3618,-68.5235,-53.0477,-70.0,-69.1272,-55.1033,-60.5235,-62.4294,-65.6807,-61.0631,-56.5109,-66.133,-70.0,-57.3201,-63.2131,-49.4387,-70.0,-64.7892,-69.7596,-55.7654,-61.1482,-59.8378,-61.7733,-56.4513,-66.4351,-61.5794,-45.4089,-64.7988,-47.8586,-68.4897,-70.0,-65.8924,-57.8373,-59.908,-70.0,-50.4944,-69.973,-62.5407,-67.4252,-63.3525,-70.0,-70.0,-57.8588,-59.2393,-62.7689,-61.047,-63.3577,-52.101,-57.4889,-69.6366,0
61,-70.0,-65.8644,-56.8401,-67.3122,-70.0,-57.7933,-56.9011,-58.7146,-65.8855,-64.1707,-52.9053,-66.8374,-70.0,-57.5335,-63.0472,-48.1744,-70.0,-62.5859,-68.1232,-52.0268,-62.5649,-61.5492,-60.8174,-57.4947,-63.8472,-60.0282,-51.2155,-63.6894,-52.026,-70.0,-67.2358,-63.4717,-53.7754,-57.7397,-67.7828,-52.1674,-65.9622,-65.5854,-70.0,-59.8939,-66.22,-70.0,-61.5035,-61.9337,-66.8809,-65.7913,-59.8581,-48.0534,-53.4368,-70.0,0
62,-70.0,-66.2326,-58.0809,-70.0,-70.0,-55.297,-58.525,-56.7605,-61.4998,-64.5317,-52.3301,-70.0,-70.0,-60.0731,-60.7784,-48.9183,-66.5115,-66.1919,-70.0,-50.8298,-65.5678,-64.1152,-64.3737,-54.7287,-62.1849,-61.7325,-53.2865,-64.2522,-48.8488,-70.0,-62.9049,-65.1401,-49.7088,-57.6896,-68.6458,-51.5259,-63.1844,-67.4007,-70.0,-63.8284,-62.016,-69.6374,-65.2871,-57.7926,-64.3765,-64.7979,-60.1289,-47.8903,-57.3955,-70.0,0
63,-70.0,-64.0297,-58.3701,-70.0,-70.0,-60.289,-56.868,-54.7052,-58.9658,-67.1816,-53.2539,-67.4539,-70.0,-63.2587,-58.6314,-50.0285,-70.0,-62.0739,-70.0,-51.722,-69.3976,-68.8866,-64.1811,-51.447,-60.376,-65.2281,-50.8602,-67.9159,-48.95,-69.1215,-62.4593,-61.9129,-53.8836,-57.8699,-70.0,-56.462,-59.7156,-70.0,-67.1619,-62.3186,-59.6596,-70.0,-66.989,-60.8683,-63.808,-66.184,-63.7745,-44.8125,-60.6005,-68.0417,0
64,-67.9638,-65.2119,-62.5507,-67.4976,-70.0,-60.8659,-60.5622,-53.4657,-63.7795,-66.2565,-52.6304,-65.306,-66.9877,-62.8621,-59.1106,-52.4267,-66.6342,-65.0777,-68.7133,-55.1232,-70.0,-68.1271,-64.078,-53.2368,-60.9409,-69.943,-47.5723,-69.3185,-49.6718,-66.8972,-63.2606,-62.8392,-55.7129,-58.2227,-70.0,-56.1042,-57.628,-65.9334,-70.0,-64.3113,-62.2934,-70.0,-70.0,-65.5345,-61.8464,-67.9576,-64.3338,-42.1432,-56.2452,-70.0,0
65,-67.2597,-67.2751,-59.3656,-67.0791,-66.3121,-59.2295,-65.924,-53.1566,-60.3069,-69.2908,-55.6298,-68.7306,-69.2791,-61.6219,-55.602,-48.4037,-64.039,-66.5917,-68.7452,-52.4222,-70.0,-64.5378,-61.8764,-49.6381,-57.7599,-70.0,-53.4099,-64.8674,-49.2363,-70.0,-67.7126,-63.7183,-54.3537,-62.7516,-70.0,-57.0436,-59.354,-65.7018,-66.9241,-65.7362,-60.5244,-70.0,-68.3884,-64.9467,-62.4085,-70.0,-62.0286,-39.4723,-52.8134,-69.7007,0
66,-70.0,-67.1171,-58.5308,-70.0,-70.0,-57.1819,-66.0015,-57.7044,-62.4222,-70.0,-51.6101,-70.0,-70.0,-58.7271,-56.2823,-53.5996,-65.218,-66.4134,-68.4223,-48.8976,-70.0,-62.4345,-58.9303,-48.0976,-54.9764,-70.0,-58.2073,-69.2958,-47.3085,-70.0,-62.9809,-65.6301,-59.7906,-59.2082,-69.4388,-61.9105,-60.3895,-61.9859,-62.8338,-69.1483,-58.8701,-67.0111,-69.4792,-69.9213,-66.7833,-67.6429,-65.8103,-40.3502,-50.2068,-69.3579,0
67,-69.5035,-64.0679,-58.5034,-70.0,-69.4017,-56.7228,-64.735,-61.345,-57.8086,-68.4287,-49.1484,-68.2321,-66.6673,-59.0181,-60.7145,-53.5152,-64.191,-66.1256,-70.0,-52.951,-68.5321,-64.0516,-60.945,-53.9633,-52.551,-70.0,-59.376,-70.0,-50.3037,-69.7479,-64.0276,-70.0,-60.5752,-60.4582,-70.0,-57.3303,-63.9614,-61.041,-58.3557,-70.0,-60.4856,-64.3276,-70.0,-70.0,-62.0913,-66.0795,-69.8959,-46.07,-52.5472,-67.3003,0
68,-70.0,-60.2602,-56.7394,-66.6397,-67.814,-61.0657,-60.2648,-58.376,-58.62,-69.7699,-51.7502,-67.5412,-70.0,-54.786,-60.9833,-49.9095,-66.3479,-70.0,-70.0,-54.3728,-68.424,-69.3176,-56.489,-53.897,-57.8682,-67.7504,-57.0977,-68.8289,-55.2107,-66.4205,-62.0388,-70.0,-58.7318,-56.5323,-67.5949,-61.636,-60.6364,-62.6391,-59.0672,-70.0,-59.4609,-59.8287,-70.0,-67.0883,-57.5379,-67.1175,-70.0,-43.5105,-56.0381,-68.4129,0
69,-70.0,-60.2642,-61.9074,-66.1797,-64.9894,-66.2529,-63.4368,-55.5022,-57.2224,-69.7531,-48.5712,-69.6765,-66.6959,-53.419,-64.6216,-53.7008,-66.6888,-70.0,-68.9107,-60.0226,-66.3114,-70.0,-53.3773,-50.8354,-63.1881,-65.8934,-58.5088,-70.0,-59.2142,-66.6903,-63.9988,-68.93,-60.5361,-60.816,-64.6726,-63.2108,-64.9335,-60.0508,-60.3836,-70.0,-58.2578,-63.8107,-70.0,-70.0,-61.8078,-70.0,-68.9621,-47.9348,-53.6695,-70.0,0
70,-70.0,-56.1824,-67.0608,-66.3551,-68.7739,-63.9079,-62.0652,-56.949,-54.753,-65.6807,-47.1168,-64.9881,-66.6458,-53.6483,-65.0713,-55.2711,-66.4111,-66.6399,-70.0,-58.3493,-66.4788,-68.8543,-49.3554,-47.0256,-67.4936,-62.7137,-59.4022,-70.0,-64.4047,-64.502,-65.6894,-70.0,-60.0297,-56.363,-63.6847,-62.5851,-67.4708,-60.6389,-58.0226,-65.2708,-56.1318,-62.6128,-65.2491,-70.0,-61.8046,-70.0,-70.0,-50.5869,-55.0348,-67.6869,0
71,-70.0,-53.848,-70.0,-68.9127,-68.0757,-66.3125,-65.3256,-57.8465,-53.7331,-68.1856,-46.3116,-63.9983,-67.0697,-54.492,-69.5035,-57.2422,-62.2061,-68.4544,-69.9929,-55.5452,-69.649,-68.2559,-55.1076,-46.4754,-66.0028,-62.6334,-60.5396,-70.0,-61.2355,-69.0882,-70.0,-70.0,-60.5279,-55.7597,-62.4229,-63.2992,-66.5488,-58.9392,-54.99,-63.5929,-51.8773,-63.5488,-62.5046,-70.0,-66.1845,-70.0,-70.0,-49.765,-57.6645,-68.2481,0
72,-70.0,-54.172,-70.0,-64.3795,-70.0,-68.2814,-63.606,-59.3296,-53.5554,-64.9015,-49.4611,-61.0097,-65.6209,-56.5576,-70.0,-61.4167,-57.9352,-63.6286,-69.186,-53.8638,-67.9819,-70.0,-53.1368,-44.7404,-69.2526,-65.9079,-59.6991,-70.0,-56.933,-70.0,-65.9326,-70.0,-58.1067,-52.9075,-64.2706,-58.7866,-69.241,-61.4057,-58.6502,-67.9977,-53.5976,-66.8828,-59.5467,-70.0,-70.0,-70.0,-68.1762,-48.4868,-55.4486,-68.6004,0
73,-70.0,-58.8966,-69.4714,-67.6588,-70.0,-69.3445,-61.0456,-64.3101,-56.3481,-65.1763,-48.0786,-61.1774,-61.7222,-52.4867,-70.0,-64.723,-54.1551,-61.7213,-70.0,-50.7274,-70.0,-69.6434,-57.0452,-41.0263,-70.0,-63.9845,-62.1508,-70.0,-59.6777,-66.9293,-70.0,-67.0716,-62.3015,-54.7922,-67.3948,-59.6614,-70.0,-60.3054,-57.5268,-65.9039,-53.4755,-65.5832,-58.4836,-65.4172,-67.928,-70.0,-65.2304,-47.1217,-57.5586,-67.5598,0
74,-69.8907,-61.4995,-69.1441,-63.9743,-70.0,-67.9088,-62.3378,-67.8574,-56.0313,-69.8078,-51.1684,-61.0844,-64.7609,-54.9754,-68.7575,-66.2123,-50.9882,-63.9246,-70.0,-49.6885,-70.0,-70.0,-54.7437,-46.696,-70.0,-63.1093,-65.7922,-68.1299,-62.657,-70.0,-70.0,-69.9014,-59.3745,-56.1761,-70.0,-57.3318,-66.2284,-57.2522,-54.6816,-62.5944,-50.5847,-67.3516,-55.1868,-65.8888,-70.0,-65.894,-68.6757,-50.6995,-57.7054,-64.2592,0
75,-70.0,-58.9792,-68.3828,-66.1564,-70.0,-64.5905,-64.1835,-63.9786,-61.3269,-70.0,-53.475,-58.8,-64.1738,-55.2172,-69.4973,-64.6737,-48.6486,-63.9058,-70.0,-54.8529,-70.0,-70.0,-57.7942,-45.9551,-70.0,-66.4569,-62.9021,-68.3604,-58.5553,-65.0736,-70.0,-70.0,-60.9242,-61.2027,-67.9484,-61.8972,-70.0,-60.3149,-52.6963,-65.4561,-53.9502,-66.2071,-55.1362,-66.0442,-67.8122,-61.4289,-70.0,-50.2661,-59.5572,-60.7607,0
76,-70.0,-56.1986,-66.1634,-67.1384,-70.0,-60.7355,-63.9483,-63.1198,-63.7235,-70.0,-52.0724,-56.4966,-62.9796,-57.0832,-66.2641,-66.4836,-53.7066,-66.5252,-70.0,-57.8141,-66.9982,-66.1888,-59.954,-51.6984,-65.1469,-65.1165,-62.24,-65.0554,-56.1649,-62.4665,-68.6806,-68.186,-57.8281,-58.8184,-63.9144,-58.4641,-68.8742,-65.1285,-48.9149,-70.0,-56.0406,-62.4101,-60.6328,-63.431,-69.623,-58.5646,-70.0,-52.744,-61.7057,-66.091,0
77,-70.0,-59.3999,-65.2569,-68.2311,-70.0,-57.4109,-63.2569,-64.2934,-65.6172,-68.0446,-57.3395,-53.5706,-65.0132,-57.7593,-69.724,-70.0,-58.8947,-65.8429,-67.4649,-55.083,-70.0,-66.5318,-57.7965,-50.0594,-64.3955,-62.8363,-58.0654,-61.8502,-52.3879,-62.8904,-67.3603,-70.0,-54.7422,-56.9426,-60.9708,-62.5128,-64.3896,-64.6086,-46.5414,-70.0,-52.0258,-60.3371,-61.7345,-61.5547,-70.0,-61.7056,-68.9957,-56.9182,-61.1778,-65.8675,0
78,-70.0,-58.1992,-66.1459,-68.1343,-70.0,-58.8736,-61.0641,-66.2531,-63.4628,-67.4127,-55.0152,-51.1662,-61.7973,-59.3473,-70.0,-70.0,-61.3488,-68.5604,-66.5476,-58.9277,-65.4977,-70.0,-57.0084,-50.5742,-67.6963,-65.1078,-54.7749,-58.8395,-49.1091,-66.5558,-63.6924,-66.5418,-55.3028,-54.3999,-65.8872,-58.3277,-69.4404,-65.524,-50.35,-70.0,-54.9537,-63.4449,-61.2355,-64.901,-68.1994,-63.7729,-70.0,-53.7957,-61.7181,-66.6046,0
79,-70.0,-58.6986,-65.9513,-70.0,-67.6012,-60.87,-65.2921,-66.8212,-64.4055,-70.0,-50.9921,-51.7815,-63.0452,-61.5415,-70.0,-70.0,-57.1411,-70.0,-64.6134,-61.2793,-70.0,-70.0,-58.6329,-46.7001,-67.6171,-69.6015,-54.496,-56.3073,-46.1411,-67.8898,-61.589,-68.096,-52.8108,-51.1195,-66.523,-63.7543,-70.0,-63.0323,-56.2932,-69.64,-59.5913,-65.648,-64.0293,-64.5574,-70.0,-65.2679,-68.1655,-51.7987,-57.7676,-67.8889,0
80,-70.0,-61.9246,-65.6212,-70.0,-62.9805,-64.3363,-62.3893,-65.8946,-61.9699,-70.0,-54.6963,-50.0286,-60.5941,-63.5685,-70.0,-65.4427,-58.4697,-67.8268,-60.1712,-65.0262,-70.0,-69.9028,-61.3194,-52.2941,-68.1765,-70.0,-50.6959,-54.6157,-47.7688,-63.4873,-66.5979,-67.1301,-53.1531,-51.8965,-68.1864,-68.6229,-70.0,-61.4637,-59.6354,-70.0,-59.4652,-66.3409,-67.2535,-67.7094,-70.0,-68.6423,-63.8112,-51.4534,-58.2793,-69.6726,0
81,-68.1594,-63.9914,-68.3535,-70.0,-61.6955,-61.0681,-65.0527,-64.8035,-58.8331,-69.2746,-54.0577,-54.4363,-56.4459,-61.6517,-67.534,-61.1607,-55.007,-64.5946,-60.1191,-68.7179,-70.0,-68.4062,-64.8151,-57.3131,-69.4199,-70.0,-49.3165,-50.8737,-47.2604,-65.1255,-69.5864,-69.5636,-55.6963,-54.3037,-70.0,-66.3199,-67.6801,-57.0488,-60.4729,-70.0,-62.9233,-68.9109,-67.4532,-70.0,-69.1879,-70.0,-67.1064,-56.4588,-55.5421,-68.0636,0
82,-70.0,-68.4883,-63.7657,-70.0,-64.1252,-60.9676,-66.1015,-62.7672,-59.2301,-70.0,-54.1016,-50.4341,-61.9683,-63.2799,-70.0,-66.3193,-59.3532,-65.8896,-56.8424,-69.6511,-70.0,-68.3187,-68.4805,-58.8367,-65.3454,-70.0,-46.6839,-56.0786,-49.6993,-68.8637,-70.0,-67.1058,-55.2891,-56.8448,-68.3543,-62.7501,-65.6421,-56.3257,-64.6983,-70.0,-59.5389,-66.0073,-64.7938,-70.0,-70.0,-70.0,-68.2765,-56.5371,-56.2459,-70.0,0
83,-70.0,-66.1427,-66.5943,-65.1439,-63.3171,-60.8255,-65.5778,-61.0735,-61.3516,-70.0,-52.4444,-53.6629,-64.1855,-63.1285,-69.1078,-66.394,-57.2532,-61.3668,-58.3575,-66.3101,-65.2013,-67.0525,-64.6629,-54.691,-68.2365,-70.0,-51.7042,-55.8385,-55.603,-70.0,-70.0,-70.0,-57.7939,-56.4752,-70.0,-65.8336,-67.9028,-56.2627,-63.0367,-69.1048,-62.9396,-66.2123,-66.2431,-69.8936,-70.0,-70.0,-67.1575,-52.7799,-59.4504,-70.0,0
84,-70.0,-70.0,-64.6507,-64.5089,-63.5362,-64.8148,-70.0,-59.5745,-61.2487,-70.0,-52.4851,-52.7021,-67.2147,-68.4539,-70.0,-70.0,-53.7153,-64.3805,-59.1848,-70.0,-62.2687,-65.3467,-66.2844,-55.0383,-70.0,-66.4251,-55.2024,-60.144,-56.2944,-70.0,-70.0,-65.4233,-55.5522,-61.1016,-70.0,-65.6639,-70.0,-53.6684,-63.2718,-66.2816,-61.4355,-67.3484,-68.113,-65.4118,-70.0,-66.7815,-70.0,-56.6146,-57.2412,-70.0,0
85,-69.3454,-66.4416,-60.5141,-66.927,-67.3735,-60.476,-65.5808,-55.4532,-62.8189,-70.0,-57.0705,-49.4975,-64.7219,-70.0,-70.0,-67.0656,-50.8735,-62.1299,-63.2517,-70.0,-59.9752,-70.0,-70.0,-53.5628,-70.0,-63.9944,-54.5269,-63.043,-59.5626,-70.0,-66.5996,-64.2226,-52.8281,-60.2587,-68.4158,-67.4374,-70.0,-50.254,-65.9689,-70.0,-60.4233,-66.2501,-64.4129,-69.3796,-70.0,-70.0,-70.0,-60.7761,-57.0114,-70.0,0
86,-68.8403,-65.9536,-59.6085,-68.8599,-69.8293,-61.761,-68.696,-57.9225,-61.871,-68.8344,-57.6365,-53.137,-61.9826,-70.0,-69.0033,-64.1816,-50.8687,-64.3967,-62.3481,-70.0,-64.5511,-65.0117,-69.0772,-51.6376,-69.428,-61.0741,-58.0144,-61.9367,-61.3273,-67.7176,-64.449,-63.3775,-50.6716,-62.6615,-66.1497,-64.561,-70.0,-54.3116,-67.5137,-68.9763,-64.1027,-70.0,-65.6098,-70.0,-66.8949,-70.0,-70.0,-65.5914,-55.7737,-67.933,0
87,-69.106,-64.799,-55.354,-70.0,-67.5594,-60.5845,-65.0692,-57.4485,-67.1145,-69.6037,-53.9204,-52.3295,-63.4938,-68.2777,-64.5676,-66.6498,-52.4178,-68.906,-63.1509,-65.275,-62.2277,-60.2737,-66.8467,-54.1929,-70.0,-65.2521,-58.2901,-65.5701,-65.0968,-65.8688,-67.0869,-63.3581,-55.5081,-58.7915,-70.0,-67.0612,-67.6375,-55.9128,-70.0,-70.0,-62.6956,-70.0,-70.0,-70.0,-67.6865,-68.6873,-70.0,-61.1005,-58.6451,-67.8243,0
88,-65.3944,-64.549,-59.9364,-65.2629,-70.0,-61.5565,-61.1515,-62.3891,-63.1835,-70.0,-52.872,-51.4712,-65.7691,-69.3544,-62.9195,-67.0708,-54.5478,-70.0,-67.0358,-64.3717,-65.1959,-62.8752,-63.9768,-54.8952,-70.0,-67.6978,-59.2801,-67.5206,-65.917,-65.3349,-68.8497,-66.3512,-52.4842,-60.7012,-70.0,-70.0,-70.0,-54.3281,-70.0,-69.0837,-60.4785,-70.0,-68.3355,-68.7367,-70.0,-67.7541,-65.425,-58.7857,-62.8773,-67.6116,0
89,-64.2455,-65.0264,-64.6308,-64.6216,-70.0,-57.1679,-62.9277,-64.3111,-64.3032,-70.0,-49.5766,-52.9832,-66.8336,-68.8232,-58.8774,-64.8942,-54.7588,-67.6887,-62.5487,-64.5234,-66.8904,-67.8116,-68.3087,-56.9822,-70.0,-67.7785,-63.2518,-63.0544,-66.5513,-66.3089,-70.0,-63.807,-50.0628,-57.9724,-68.2129,-67.0418,-68.3558,-57.9736,-67.2039,-68.4828,-56.7942,-67.77,-68.6503,-69.6463,-70.0,-67.6145,-68.3017,-61.1101,-63.4318,-68.8012,0
90,-65.7206,-65.4834,-69.6994,-62.026,-70.0,-55.4844,-66.2784,-69.2913,-65.4237,-70.0,-50.254,-56.4205,-62.1339,-70.0,-61.9061,-68.9448,-58.3593,-66.4509,-63.8927,-62.0215,-70.0,-70.0,-70.0,-54.7058,-70.0,-64.1385,-66.3917,-63.0321,-68.2969,-70.0,-67.5189,-60.627,-55.5653,-53.8134,-65.404,-70.0,-63.8976,-54.3364,-68.5643,-66.2619,-53.2912,-70.0,-70.0,-70.0,-70.0,-68.933,-68.7147,-62.9646,-63.6086,-69.0434,0
91,-61.1324,-67.5843,-65.9052,-60.703,-69.2337,-57.1708,-68.9601,-65.6477,-64.3032,-69.5992,-53.7645,-54.1754,-58.2582,-70.0,-62.898,-70.0,-62.8619,-70.0,-64.8613,-60.0382,-70.0,-70.0,-66.8923,-51.4304,-67.5062,-62.1581,-62.9666,-58.6008,-67.2622,-67.7016,-65.1632,-63.8202,-53.2474,-54.6733,-62.1932,-70.0,-63.3485,-58.3748,-65.3133,-70.0,-51.6561,-70.0,-70.0,-67.3252,-70.0,-68.4369,-70.0,-60.7585,-67.219,-65.4806,0
92,-64.6191,-70.0,-64.2404,-60.5743,-70.0,-57.1087,-65.6976,-67.2677,-68.142,-70.0,-58.0326,-54.684,-61.4611,-66.7626,-60.9307,-68.7177,-61.7082,-67.3923,-66.7582,-62.4927,-66.8987,-66.6512,-67.2437,-52.4118,-68.5953,-58.1535,-67.9617,-58.73,-70.0,-63.8576,-67.0608,-64.7357,-54.2661,-60.1635,-57.8421,-70.0,-61.7702,-63.8621,-69.0055,-68.3719,-54.3231,-70.0,-65.8497,-67.0601,-67.4745,-64.1495,-68.7213,-62.4177,-66.0518,-67.8719,0
93,-69.7663,-65.0861,-61.3978,-60.6311,-66.9473,-62.212,-70.0,-68.2683,-65.526,-70.0,-56.6535,-51.5994,-65.4812,-67.5434,-61.3648,-70.0,-59.377,-63.044,-65.3068,-63.2651,-66.2218,-64.4065,-65.8611,-57.5566,-66.9929,-58.8979,-70.0,-61.3971,-66.5029,-67.6528,-62.5975,-62.1967,-58.2214,-61.1646,-60.3984,-69.9112,-63.9433,-68.2029,-65.5774,-70.0,-51.2403,-68.6806,-68.2394,-70.0,-66.33,-69.1224,-66.6096,-60.4401,-66.6902,-64.0239,0
94,-66.7477,-61.96,-57.6633,-64.3133,-63.6754,-64.109,-67.5238,-64.5976,-62.8536,-69.8986,-61.9575,-55.4279,-62.1926,-70.0,-64.8208,-67.45,-56.4819,-60.9727,-66.4287,-64.1702,-68.2689,-62.5633,-67.2251,-61.8734,-67.2833,-63.9524,-70.0,-58.1736,-70.0,-65.6442,-66.025,-57.8537,-63.3634,-58.3679,-59.4977,-69.4489,-65.9056,-65.3079,-67.2287,-70.0,-56.1489,-68.3855,-69.4957,-66.0071,-70.0,-67.0787,-70.0,-59.2011,-67.3931,-64.732,0
95,-68.6716,-58.9484,-57.253,-64.7529,-62.9704,-69.2534,-64.1899,-65.1186,-58.4194,-70.0,-64.8621,-56.8539,-66.0632,-67.5626,-64.0687,-70.0,-59.5694,-66.3122,-65.5196,-62.9372,-69.2422,-61.4891,-68.6206,-59.0912,-70.0,-65.5091,-70.0,-54.0662,-65.7004,-69.4505,-66.782,-60.7431,-65.1069,-56.0752,-56.917,-70.0,-70.0,-61.2588,-64.1326,-66.1922,-57.9848,-70.0,-70.0,-66.4363,-65.6642,-65.9585,-70.0,-55.8828,-68.0363,-68.9255,0
96,-70.0,-58.4585,-52.9215,-66.4777,-63.9995,-70.0,-68.1122,-70.0,-63.1732,-69.9752,-65.519,-53.9689,-70.0,-65.7261,-64.7793,-70.0,-64.6875,-70.0,-60.8721,-61.9157,-70.0,-59.1755,-70.0,-56.2034,-65.451,-66.1034,-67.6455,-49.9551,-68.8925,-64.7988,-70.0,-63.3992,-70.0,-54.4752,-56.8844,-65.6287,-70.0,-57.7868,-61.1119,-64.405,-54.5985,-70.0,-70.0,-69.267,-69.5384,-63.6295,-70.0,-58.189,-69.7528,-69.4749,0
97,-70.0,-54.98,-51.3244,-70.0,-66.6237,-68.4651,-70.0,-66.1711,-60.404,-70.0,-68.8457,-56.3436,-70.0,-62.791,-65.4476,-70.0,-68.4032,-70.0,-61.6247,-58.9806,-69.7583,-57.0692,-67.5074,-58.2107,-66.7777,-62.9319,-68.6575,-53.3595,-64.6809,-69.3706,-69.88,-66.2492,-68.2108,-51.2453,-59.7614,-65.1741,-70.0,-54.3394,-63.129,-61.0716,-55.3274,-70.0,-67.5199,-66.7925,-65.0007,-65.8425,-70.0,-61.42,-67.021,-70.0,0
98,-70.0,-52.0134,-55.9036,-65.6943,-63.407,-70.0,-70.0,-68.9397,-58.055,-65.5912,-66.7192,-54.6453,-68.7095,-61.5378,-65.2377,-67.5409,-64.1046,-70.0,-64.5286,-58.8381,-70.0,-61.4822,-69.6433,-56.4837,-63.3765,-65.7217,-67.9154,-56.8046,-67.8694,-68.6959,-68.6143,-69.869,-69.4744,-51.7385,-58.7988,-68.7485,-66.0036,-58.3924,-60.0304,-56.6716,-58.7706,-70.0,-67.6583,-67.2002,-68.0495,-62.7312,-65.319,-61.7754,-70.0,-70.0,0
99,-70.0,-50.9449,-57.1321,-64.8909,-63.8272,-70.0,-70.0,-65.3133,-59.4416,-69.2437,-68.7866,-55.6222,-64.2663,-63.5644,-66.9534,-68.978,-59.9329,-66.9781,-66.404,-60.5654,-65.234,-61.1093,-70.0,-57.6963,-68.6051,-67.0627,-65.0769,-54.0051,-70.0,-70.0,-70.0,-70.0,-70.0,-51.3575,-62.7268,-70.0,-66.6139,-57.4029,-62.7856,-61.5433,-58.4146,-70.0,-62.8724,-68.4574,-70.0,-63.9419,-68.1183,-65.8126,-70.0,-67.1746,0
100,-70.0,-48.8357,-57.1625,-62.4713,-66.152,-70.0,-70.0,-64.4603,-59.3406,-70.0,-70.0,-52.9922,-67.079,-65.7619,-65.9384,-70.0,-57.7929,-69.2346,-67.2465,-59.4319,-69.6481,-60.9729,-70.0,-55.9,-70.0,-66.7747,-65.3224,-59.1037,-70.0,-70.0,-70.0,-70.0,-66.4874,-48.4724,-58.7525,-70.0,-67.7855,-59.0975,-59.1766,-58.5695,-57.7146,-70.0,-62.7036,-66.3302,-70.0,-68.9469,-69.8582,-70.0,-68.0913,-64.1103,0
