Timestep,0,1,2,3,4,5,6,7,8,9,10,11,12,13,14,15,16,17,18,19,20,21,22,23,24,25,26,27,28,29,30,31,32,33,34,35,36,37,38,39,40,41,42,43,44,45,46,47,48,49,Cluster
0,1.0,1.0,1.0,1.0,1.0,1.0,1.0,1.0,1.0,1.0,1.0,1.0,1.0,1.0,1.0,1.0,1.0,1.0,1.0,1.0,1.0,1.0,1.0,1.0,1.0,1.0,1.0,1.0,1.0,1.0,1.0,1.0,1.0,1.0,1.0,1.0,1.0,1.0,1.0,1.0,1.0,1.0,1.0,1.0,1.0,1.0,1.0,1.0,1.0,1.0,1
1,101.0,10.0,10.0,101.0,10.0,10.0,10.0,101.0,10.0,10.0,101.0,10.0,101.0,10.0,10.0,10.0,10.0,10.0,10.0,101.0,10.0,10.0,101.0,10.0,10.0,101.0,10.0,10.0,10.0,10.0,10.0,10.0,10.0,101.0,10.0,10.0,101.0,10.0,10.0,10.0,10.0,10.0,10.0,10.0,10.0,10.0,10.0,10.0,10.0,10.0,0
2,201.0,10.0,10.0,201.0,10.0,10.0,10.0,201.0,10.0,10.0,201.0,10.0,201.0,10.0,10.0,10.0,10.0,10.0,10.0,201.0,10.0,10.0,201.0,10.0,10.0,201.0,10.0,10.0,10.0,10.0,10.0,10.0,10.0,201.0,10.0,10.0,201.0,10.0,10.0,10.0,10.0,10.0,10.0,10.0,10.0,10.0,10.0,10.0,10.0,10.0,0
3,301.0,10.0,10.0,301.0,10.0,10.0,10.0,301.0,10.0,10.0,301.0,10.0,301.0,10.0,10.0,10.0,10.0,10.0,10.0,301.0,10.0,10.0,301.0,10.0,10.0,301.0,10.0,10.0,10.0,10.0,10.0,10.0,10.0,301.0,10.0,10.0,301.0,10.0,10.0,10.0,10.0,10.0,10.0,10.0,10.0,10.0,10.0,10.0,10.0,10.0,0
4,401.0,10.0,10.0,401.0,10.0,10.0,10.0,401.0,10.0,10.0,401.0,10.0,401.0,10.0,10.0,10.0,10.0,10.0,10.0,401.0,10.0,10.0,401.0,10.0,10.0,401.0,10.0,10.0,10.0,10.0,10.0,10.0,10.0,401.0,10.0,10.0,401.0,10.0,10.0,10.0,10.0,10.0,10.0,10.0,10.0,10.0,10.0,10.0,10.0,10.0,0
5,501.0,10.0,10.0,501.0,10.0,10.0,10.0,501.0,10.0,10.0,501.0,10.0,501.0,10.0,10.0,10.0,10.0,10.0,10.0,501.0,10.0,10.0,501.0,10.0,10.0,501.0,10.0,10.0,10.0,10.0,10.0,10.0,10.0,501.0,10.0,10.0,501.0,10.0,10.0,10.0,10.0,10.0,10.0,10.0,10.0,10.0,10.0,10.0,10.0,10.0,0
6,601.0,10.0,10.0,601.0,10.0,10.0,10.0,601.0,10.0,10.0,601.0,10.0,601.0,10.0,10.0,10.0,10.0,10.0,10.0,601.0,10.0,10.0,601.0,10.0,10.0,601.0,10.0,10.0,10.0,10.0,10.0,10.0,10.0,601.0,10.0,10.0,601.0,10.0,10.0,10.0,10.0,10.0,10.0,10.0,10.0,10.0,10.0,10.0,10.0,10.0,0
7,701.0,10.0,10.0,701.0,10.0,10.0,10.0,701.0,10.0,10.0,701.0,10.0,701.0,10.0,10.0,10.0,10.0,10.0,10.0,701.0,10.0,10.0,701.0,10.0,10.0,701.0,10.0,10.0,10.0,10.0,10.0,10.0,10.0,701.0,10.0,10.0,701.0,10.0,10.0,10.0,10.0,10.0,10.0,10.0,10.0,10.0,10.0,10.0,10.0,10.0,0
8,801.0,10.0,10.0,801.0,10.0,10.0,10.0,801.0,10.0,10.0,801.0,10.0,801.0,10.0,10.0,10.0,10.0,10.0,10.0,801.0,10.0,10.0,801.0,10.0,10.0,801.0,10.0,10.0,10.0,10.0,10.0,10.0,10.0,801.0,10.0,10.0,801.0,10.0,10.0,10.0,10.0,10.0,10.0,10.0,10.0,10.0,10.0,10.0,10.0,10.0,0
9,901.0,10.0,10.0,901.0,10.0,10.0,10.0,901.0,10.0,10.0,901.0,10.0,901.0,10.0,10.0,10.0,10.0,10.0,10.0,901.0,10.0,10.0,901.0,10.0,10.0,901.0,10.0,10.0,10.0,10.0,10.0,10.0,10.0,901.0,10.0,10.0,901.0,10.0,10.0,10.0,10.0,10.0,10.0,10.0,10.0,10.0,10.0,10.0,10.0,10.0,0
10,1001.0,10.0,10.0,1001.0,10.0,10.0,10.0,1001.0,10.0,10.0,1001.0,10.0,1001.0,10.0,10.0,10.0,10.0,10.0,10.0,1001.0,10.0,10.0,1001.0,10.0,10.0,1001.0,10.0,10.0,10.0,10.0,10.0,10.0,10.0,1001.0,10.0,10.0,1001.0,10.0,10.0,10.0,10.0,10.0,10.0,10.0,10.0,10.0,10.0,10.0,10.0,10.0,0
11,1101.0,10.0,10.0,1101.0,10.0,10.0,10.0,1101.0,10.0,10.0,1101.0,10.0,1101.0,10.0,10.0,10.0,10.0,10.0,10.0,1101.0,10.0,10.0,1101.0,10.0,10.0,1101.0,10.0,10.0,10.0,10.0,10.0,10.0,10.0,1101.0,10.0,10.0,1101.0,10.0,10.0,10.0,10.0,10.0,10.0,10.0,10.0,10.0,10.0,10.0,10.0,10.0,0
12,1201.0,10.0,10.0,1201.0,10.0,10.0,10.0,1201.0,10.0,10.0,1201.0,10.0,1201.0,10.0,10.0,10.0,10.0,10.0,10.0,1201.0,10.0,10.0,1201.0,10.0,10.0,1201.0,10.0,10.0,10.0,10.0,10.0,10.0,10.0,1201.0,10.0,10.0,1201.0,10.0,10.0,10.0,10.0,10.0,10.0,10.0,10.0,10.0,10.0,10.0,10.0,10.0,0
13,1301.0,10.0,10.0,1301.0,10.0,10.0,10.0,1301.0,10.0,10.0,1301.0,10.0,1301.0,10.0,10.0,10.0,10.0,10.0,10.0,1301.0,10.0,10.0,1301.0,10.0,10.0,1301.0,10.0,10.0,10.0,10.0,10.0,10.0,10.0,1301.0,10.0,10.0,1301.0,10.0,10.0,10.0,10.0,10.0,10.0,10.0,10.0,10.0,10.0,10.0,10.0,10.0,0
14,1401.0,10.0,10.0,1401.0,10.0,10.0,10.0,1401.0,10.0,10.0,1401.0,10.0,1401.0,10.0,10.0,10.0,10.0,10.0,10.0,1401.0,10.0,10.0,1401.0,10.0,10.0,1401.0,10.0,10.0,10.0,10.0,10.0,10.0,10.0,1401.0,10.0,10.0,1401.0,10.0,10.0,10.0,10.0,10.0,10.0,10.0,10.0,10.0,10.0,10.0,10.0,10.0,0
15,1501.0,10.0,10.0,1501.0,10.0,10.0,10.0,1501.0,10.0,10.0,1501.0,10.0,1501.0,10.0,10.0,10.0,10.0,10.0,10.0,1501.0,10.0,10.0,1501.0,10.0,10.0,1501.0,10.0,10.0,10.0,10.0,10.0,10.0,10.0,1501.0,10.0,10.0,1501.0,10.0,10.0,10.0,10.0,10.0,10.0,10.0,10.0,10.0,10.0,10.0,10.0,10.0,0
16,1601.0,10.0,10.0,1601.0,10.0,10.0,10.0,1601.0,10.0,10.0,1601.0,10.0,1601.0,10.0,10.0,10.0,10.0,10.0,10.0,1601.0,10.0,10.0,1601.0,10.0,10.0,1601.0,10.0,10.0,10.0,10.0,10.0,10.0,10.0,1601.0,10.0,10.0,1601.0,10.0,10.0,10.0,10.0,10.0,10.0,10.0,10.0,10.0,10.0,10.0,10.0,10.0,0
17,1701.0,10.0,10.0,1701.0,10.0,10.0,10.0,1701.0,10.0,10.0,1701.0,10.0,1701.0,10.0,10.0,10.0,10.0,10.0,10.0,1701.0,10.0,10.0,1701.0,10.0,10.0,1701.0,10.0,10.0,10.0,10.0,10.0,10.0,10.0,1701.0,10.0,10.0,1701.0,10.0,10.0,10.0,10.0,10.0,10.0,10.0,10.0,10.0,10.0,10.0,10.0,10.0,0
18,1801.0,10.0,10.0,1801.0,10.0,10.0,10.0,1801.0,10.0,10.0,1801.0,10.0,1801.0,10.0,10.0,10.0,10.0,10.0,10.0,1801.0,10.0,10.0,1801.0,10.0,10.0,1801.0,10.0,10.0,10.0,10.0,10.0,10.0,10.0,1801.0,10.0,10.0,1801.0,10.0,10.0,10.0,10.0,10.0,10.0,10.0,10.0,10.0,10.0,10.0,10.0,10.0,0
19,1901.0,10.0,10.0,1901.0,10.0,10.0,10.0,1901.0,10.0,10.0,1901.0,10.0,1901.0,10.0,10.0,10.0,10.0,10.0,10.0,1901.0,10.0,10.0,1901.0,10.0,10.0,1901.0,10.0,10.0,10.0,10.0,10.0,10.0,10.0,1901.0,10.0,10.0,1901.0,10.0,10.0,10.0,10.0,10.0,10.0,10.0,10.0,10.0,10.0,10.0,10.0,10.0,0
20,2001.0,10.0,10.0,2001.0,10.0,10.0,10.0,2001.0,10.0,10.0,2001.0,10.0,2001.0,10.0,10.0,10.0,10.0,10.0,10.0,2001.0,10.0,10.0,2001.0,10.0,10.0,2001.0,10.0,10.0,10.0,10.0,10.0,10.0,10.0,2001.0,10.0,10.0,2001.0,10.0,10.0,10.0,10.0,10.0,10.0,10.0,10.0,10.0,10.0,10.0,10.0,10.0,0
21,2101.0,10.0,10.0,2101.0,10.0,10.0,10.0,2101.0,10.0,10.0,2101.0,10.0,2101.0,10.0,10.0,10.0,10.0,10.0,10.0,2101.0,10.0,10.0,2101.0,10.0,10.0,2101.0,10.0,10.0,10.0,10.0,10.0,10.0,10.0,2101.0,10.0,10.0,2101.0,10.0,10.0,10.0,10.0,10.0,10.0,10.0,10.0,10.0,10.0,10.0,10.0,10.0,0
22,2201.0,10.0,10.0,2201.0,10.0,10.0,10.0,2201.0,10.0,10.0,2201.0,10.0,2201.0,10.0,10.0,10.0,10.0,10.0,10.0,2201.0,10.0,10.0,2201.0,10.0,10.0,2201.0,10.0,10.0,10.0,10.0,10.0,10.0,10.0,2201.0,10.0,10.0,2201.0,10.0,10.0,10.0,10.0,10.0,10.0,10.0,10.0,10.0,10.0,10.0,10.0,10.0,0
23,2301.0,10.0,10.0,2301.0,10.0,10.0,10.0,2301.0,10.0,10.0,2301.0,10.0,2301.0,10.0,10.0,10.0,10.0,10.0,10.0,2301.0,10.0,10.0,2301.0,10.0,10.0,2301.0,10.0,10.0,10.0,10.0,10.0,10.0,10.0,2301.0,10.0,10.0,2301.0,10.0,10.0,10.0,10.0,10.0,10.0,10.0,10.0,10.0,10.0,10.0,10.0,10.0,0
24,2401.0,10.0,10.0,2401.0,10.0,10.0,10.0,2401.0,10.0,10.0,2401.0,10.0,2401.0,10.0,10.0,10.0,10.0,10.0,10.0,2401.0,10.0,10.0,2401.0,10.0,10.0,2401.0,10.0,10.0,10.0,10.0,10.0,10.0,10.0,2401.0,10.0,10.0,2401.0,10.0,10.0,10.0,10.0,10.0,10.0,10.0,10.0,10.0,10.0,10.0,10.0,10.0,0
25,2501.0,10.0,10.0,2501.0,10.0,10.0,10.0,2501.0,10.0,10.0,2501.0,10.0,2501.0,10.0,10.0,10.0,10.0,10.0,10.0,2501.0,10.0,10.0,2501.0,10.0,10.0,2501.0,10.0,10.0,10.0,10.0,10.0,10.0,10.0,2501.0,10.0,10.0,2501.0,10.0,10.0,10.0,10.0,10.0,10.0,10.0,10.0,10.0,10.0,10.0,10.0,10.0,0
26,2601.0,10.0,10.0,2601.0,10.0,10.0,10.0,2601.0,10.0,10.0,2601.0,10.0,2601.0,10.0,10.0,10.0,10.0,10.0,10.0,2601.0,10.0,10.0,2601.0,10.0,10.0,2601.0,10.0,10.0,10.0,10.0,10.0,10.0,10.0,2601.0,10.0,10.0,2601.0,10.0,10.0,10.0,10.0,10.0,10.0,10.0,10.0,10.0,10.0,10.0,10.0,10.0,0
27,2701.0,10.0,10.0,2701.0,10.0,10.0,10.0,2701.0,10.0,10.0,2701.0,10.0,2701.0,10.0,10.0,10.0,10.0,10.0,10.0,2701.0,10.0,10.0,2701.0,10.0,10.0,2701.0,10.0,10.0,10.0,10.0,10.0,10.0,10.0,2701.0,10.0,10.0,2701.0,10.0,10.0,10.0,10.0,10.0,10.0,10.0,10.0,10.0,10.0,10.0,10.0,10.0,0
28,2801.0,10.0,10.0,2801.0,10.0,10.0,10.0,2801.0,10.0,10.0,2801.0,10.0,2801.0,10.0,10.0,10.0,10.0,10.0,10.0,2801.0,10.0,10.0,2801.0,10.0,10.0,2801.0,10.0,10.0,10.0,10.0,10.0,10.0,10.0,2801.0,10.0,10.0,2801.0,10.0,10.0,10.0,10.0,10.0,10.0,10.0,10.0,10.0,10.0,10.0,10.0,10.0,0
29,2901.0,10.0,10.0,2901.0,10.0,10.0,10.0,2901.0,10.0,10.0,2901.0,10.0,2901.0,10.0,10.0,10.0,10.0,10.0,10.0,2901.0,10.0,10.0,2901.0,10.0,10.0,2901.0,10.0,10.0,10.0,10.0,10.0,10.0,10.0,2901.0,10.0,10.0,2901.0,10.0,10.0,10.0,10.0,10.0,10.0,10.0,10.0,10.0,10.0,10.0,10.0,10.0,0
30,3001.0,10.0,10.0,3001.0,10.0,10.0,10.0,3001.0,10.0,10.0,3001.0,10.0,3001.0,10.0,10.0,10.0,10.0,10.0,10.0,3001.0,10.0,10.0,3001.0,10.0,10.0,3001.0,10.0,10.0,10.0,10.0,10.0,10.0,10.0,3001.0,10.0,10.0,3001.0,10.0,10.0,10.0,10.0,10.0,10.0,10.0,10.0,10.0,10.0,10.0,10.0,10.0,0
31,3101.0,10.0,10.0,3101.0,10.0,10.0,10.0,3101.0,10.0,10.0,3101.0,10.0,3101.0,10.0,10.0,10.0,10.0,10.0,10.0,3101.0,10.0,10.0,3101.0,10.0,10.0,3101.0,10.0,10.0,10.0,10.0,10.0,10.0,10.0,3101.0,10.0,10.0,3101.0,10.0,10.0,10.0,10.0,10.0,10.0,10.0,10.0,10.0,10.0,10.0,10.0,10.0,0
32,3201.0,10.0,10.0,3201.0,10.0,10.0,10.0,3201.0,10.0,10.0,3201.0,10.0,3201.0,10.0,10.0,10.0,10.0,10.0,10.0,3201.0,10.0,10.0,3201.0,10.0,10.0,3201.0,10.0,10.0,10.0,10.0,10.0,10.0,10.0,3201.0,10.0,10.0,3201.0,10.0,10.0,10.0,10.0,10.0,10.0,10.0,10.0,10.0,10.0,10.0,10.0,10.0,0
33,3301.0,10.0,10.0,3301.0,10.0,10.0,10.0,3301.0,10.0,10.0,3301.0,10.0,3301.0,10.0,10.0,10.0,10.0,10.0,10.0,3301.0,10.0,10.0,3301.0,10.0,10.0,3301.0,10.0,10.0,10.0,10.0,10.0,10.0,10.0,3301.0,10.0,10.0,3301.0,10.0,10.0,10.0,10.0,10.0,10.0,10.0,10.0,10.0,10.0,10.0,10.0,10.0,0
34,3401.0,10.0,10.0,3401.0,10.0,10.0,10.0,3401.0,10.0,10.0,3401.0,10.0,3401.0,10.0,10.0,10.0,10.0,10.0,10.0,3401.0,10.0,10.0,3401.0,10.0,10.0,3401.0,10.0,10.0,10.0,10.0,10.0,10.0,10.0,3401.0,10.0,10.0,3401.0,10.0,10.0,10.0,10.0,10.0,10.0,10.0,10.0,10.0,10.0,10.0,10.0,10.0,0
35,3501.0,10.0,10.0,3501.0,10.0,10.0,10.0,3501.0,10.0,10.0,3501.0,10.0,3501.0,10.0,10.0,10.0,10.0,10.0,10.0,3501.0,10.0,10.0,3501.0,10.0,10.0,3501.0,10.0,10.0,10.0,10.0,10.0,10.0,10.0,3501.0,10.0,10.0,3501.0,10.0,10.0,10.0,10.0,10.0,10.0,10.0,10.0,10.0,10.0,10.0,10.0,10.0,0
36,3601.0,10.0,10.0,3601.0,10.0,10.0,10.0,3601.0,10.0,10.0,3601.0,10.0,3601.0,10.0,10.0,10.0,10.0,10.0,10.0,3601.0,10.0,10.0,3601.0,10.0,10.0,3601.0,10.0,10.0,10.0,10.0,10.0,10.0,10.0,3601.0,10.0,10.0,3601.0,10.0,10.0,10.0,10.0,10.0,10.0,10.0,10.0,10.0,10.0,10.0,10.0,10.0,0
37,3701.0,10.0,10.0,3701.0,10.0,10.0,10.0,3701.0,10.0,10.0,3701.0,10.0,3701.0,10.0,10.0,10.0,10.0,10.0,10.0,3701.0,10.0,10.0,3701.0,10.0,10.0,3701.0,10.0,10.0,10.0,10.0,10.0,10.0,10.0,3701.0,10.0,10.0,3701.0,10.0,10.0,10.0,10.0,10.0,10.0,10.0,10.0,10.0,10.0,10.0,10.0,10.0,0
38,3801.0,10.0,10.0,3801.0,10.0,10.0,10.0,3801.0,10.0,10.0,3801.0,10.0,3801.0,10.0,10.0,10.0,10.0,10.0,10.0,3801.0,10.0,10.0,3801.0,10.0,10.0,3801.0,10.0,10.0,10.0,10.0,10.0,10.0,10.0,3801.0,10.0,10.0,3801.0,10.0,10.0,10.0,10.0,10.0,10.0,10.0,10.0,10.0,10.0,10.0,10.0,10.0,0
39,3901.0,10.0,10.0,3901.0,10.0,10.0,10.0,3901.0,10.0,10.0,3901.0,10.0,3901.0,10.0,10.0,10.0,10.0,10.0,10.0,3901.0,10.0,10.0,3901.0,10.0,10.0,3901.0,10.0,10.0,10.0,10.0,10.0,10.0,10.0,3901.0,10.0,10.0,3901.0,10.0,10.0,10.0,10.0,10.0,10.0,10.0,10.0,10.0,10.0,10.0,10.0,10.0,0
40,4001.0,10.0,10.0,4001.0,10.0,10.0,10.0,4001.0,10.0,10.0,4001.0,10.0,4001.0,10.0,10.0,10.0,10.0,10.0,10.0,4001.0,10.0,10.0,4001.0,10.0,10.0,4001.0,10.0,10.0,10.0,10.0,10.0,10.0,10.0,4001.0,10.0,10.0,4001.0,10.0,10.0,10.0,10.0,10.0,10.0,10.0,10.0,10.0,10.0,10.0,10.0,10.0,0
41,4101.0,10.0,10.0,4101.0,10.0,10.0,10.0,4101.0,10.0,10.0,4101.0,10.0,4101.0,10.0,10.0,10.0,10.0,10.0,10.0,4101.0,10.0,10.0,4101.0,10.0,10.0,4101.0,10.0,10.0,10.0,10.0,10.0,10.0,10.0,4101.0,10.0,10.0,4101.0,10.0,10.0,10.0,10.0,10.0,10.0,10.0,10.0,10.0,10.0,10.0,10.0,10.0,0
42,4201.0,10.0,10.0,4201.0,10.0,10.0,10.0,4201.0,10.0,10.0,4201.0,10.0,4201.0,10.0,10.0,10.0,10.0,10.0,10.0,4201.0,10.0,10.0,4201.0,10.0,10.0,4201.0,10.0,10.0,10.0,10.0,10.0,10.0,10.0,4201.0,10.0,10.0,4201.0,10.0,10.0,10.0,10.0,10.0,10.0,10.0,10.0,10.0,10.0,10.0,10.0,10.0,0
43,4301.0,10.0,10.0,4301.0,10.0,10.0,10.0,4301.0,10.0,10.0,4301.0,10.0,4301.0,10.0,10.0,10.0,10.0,10.0,10.0,4301.0,10.0,10.0,4301.0,10.0,10.0,4301.0,10.0,10.0,10.0,10.0,10.0,10.0,10.0,4301.0,10.0,10.0,4301.0,10.0,10.0,10.0,10.0,10.0,10.0,10.0,10.0,10.0,10.0,10.0,10.0,10.0,0
44,4401.0,10.0,10.0,4401.0,10.0,10.0,10.0,4401.0,10.0,10.0,4401.0,10.0,4401.0,10.0,10.0,10.0,10.0,10.0,10.0,4401.0,10.0,10.0,4401.0,10.0,10.0,4401.0,10.0,10.0,10.0,10.0,10.0,10.0,10.0,4401.0,10.0,10.0,4401.0,10.0,10.0,10.0,10.0,10.0,10.0,10.0,10.0,10.0,10.0,10.0,10.0,10.0,0
45,4501.0,10.0,10.0,4501.0,10.0,10.0,10.0,4501.0,10.0,10.0,4501.0,10.0,4501.0,10.0,10.0,10.0,10.0,10.0,10.0,4501.0,10.0,10.0,4501.0,10.0,10.0,4501.0,10.0,10.0,10.0,10.0,10.0,10.0,10.0,4501.0,10.0,10.0,4501.0,10.0,10.0,10.0,10.0,10.0,10.0,10.0,10.0,10.0,10.0,10.0,10.0,10.0,0
46,4601.0,10.0,10.0,4601.0,10.0,10.0,10.0,4601.0,10.0,10.0,4601.0,10.0,4601.0,10.0,10.0,10.0,10.0,10.0,10.0,4601.0,10.0,10.0,4601.0,10.0,10.0,4601.0,10.0,10.0,10.0,10.0,10.0,10.0,10.0,4601.0,10.0,10.0,4601.0,10.0,10.0,10.0,10.0,10.0,10.0,10.0,10.0,10.0,10.0,10.0,10.0,10.0,0
47,4701.0,10.0,10.0,4701.0,10.0,10.0,10.0,4701.0,10.0,10.0,4701.0,10.0,4701.0,10.0,10.0,10.0,10.0,10.0,10.0,4701.0,10.0,10.0,4701.0,10.0,10.0,4701.0,10.0,10.0,10.0,10.0,10.0,10.0,10.0,4701.0,10.0,10.0,4701.0,10.0,10.0,10.0,10.0,10.0,10.0,10.0,10.0,10.0,10.0,10.0,10.0,10.0,0
48,4801.0,10.0,10.0,4801.0,10.0,10.0,10.0,4801.0,10.0,10.0,4801.0,10.0,4801.0,10.0,10.0,10.0,10.0,10.0,10.0,4801.0,10.0,10.0,4801.0,10.0,10.0,4801.0,10.0,10.0,10.0,10.0,10.0,10.0,10.0,4801.0,10.0,10.0,4801.0,10.0,10.0,10.0,10.0,10.0,10.0,10.0,10.0,10.0,10.0,10.0,10.0,10.0,0
49,4901.0,10.0,10.0,4901.0,10.0,10.0,10.0,4901.0,10.0,10.0,4901.0,10.0,4901.0,10.0,10.0,10.0,10.0,10.0,10.0,4901.0,10.0,10.0,4901.0,10.0,10.0,4901.0,10.0,10.0,10.0,10.0,10.0,10.0,10.0,4901.0,10.0,10.0,4901.0,10.0,10.0,10.0,10.0,10.0,10.0,10.0,10.0,10.0,10.0,10.0,10.0,10.0,0
50,5001.0,10.0,10.0,5001.0,10.0,10.0,10.0,5001.0,10.0,10.0,5001.0,10.0,5001.0,10.0,10.0,10.0,10.0,10.0,10.0,5001.0,10.0,10.0,5001.0,10.0,10.0,5001.0,10.0,10.0,10.0,10.0,10.0,10.0,10.0,5001.0,10.0,10.0,5001.0,10.0,10.0,10.0,10.0,10.0,10.0,10.0,10.0,10.0,10.0,10.0,10.0,10.0,0
51,5101.0,10.0,10.0,5101.0,10.0,10.0,10.0,5101.0,10.0,10.0,5101.0,10.0,5101.0,10.0,10.0,10.0,10.0,10.0,10.0,5101.0,10.0,10.0,5101.0,10.0,10.0,5101.0,10.0,10.0,10.0,10.0,10.0,10.0,10.0,5101.0,10.0,10.0,5101.0,10.0,10.0,10.0,10.0,10.0,10.0,10.0,10.0,10.0,10.0,10.0,10.0,10.0,0
52,5201.0,10.0,10.0,5201.0,10.0,10.0,10.0,5201.0,10.0,10.0,5201.0,10.0,5201.0,10.0,10.0,10.0,10.0,10.0,10.0,5201.0,10.0,10.0,5201.0,10.0,10.0,5201.0,10.0,10.0,10.0,10.0,10.0,10.0,10.0,5201.0,10.0,10.0,5201.0,10.0,10.0,10.0,10.0,10.0,10.0,10.0,10.0,10.0,10.0,10.0,10.0,10.0,0
53,5301.0,10.0,10.0,5301.0,10.0,10.0,10.0,5301.0,10.0,10.0,5301.0,10.0,5301.0,10.0,10.0,10.0,10.0,10.0,10.0,5301.0,10.0,10.0,5301.0,10.0,10.0,5301.0,10.0,10.0,10.0,10.0,10.0,10.0,10.0,5301.0,10.0,10.0,5301.0,10.0,10.0,10.0,10.0,10.0,10.0,10.0,10.0,10.0,10.0,10.0,10.0,10.0,0
54,5401.0,10.0,10.0,5401.0,10.0,10.0,10.0,5401.0,10.0,10.0,5401.0,10.0,5401.0,10.0,10.0,10.0,10.0,10.0,10.0,5401.0,10.0,10.0,5401.0,10.0,10.0,5401.0,10.0,10.0,10.0,10.0,10.0,10.0,10.0,5401.0,10.0,10.0,5401.0,10.0,10.0,10.0,10.0,10.0,10.0,10.0,10.0,10.0,10.0,10.0,10.0,10.0,0
55,5501.0,10.0,10.0,5501.0,10.0,10.0,10.0,5501.0,10.0,10.0,5501.0,10.0,5501.0,10.0,10.0,10.0,10.0,10.0,10.0,5501.0,10.0,10.0,5501.0,10.0,10.0,5501.0,10.0,10.0,10.0,10.0,10.0,10.0,10.0,5501.0,10.0,10.0,5501.0,10.0,10.0,10.0,10.0,10.0,10.0,10.0,10.0,10.0,10.0,10.0,10.0,10.0,0
56,5601.0,10.0,10.0,5601.0,10.0,10.0,10.0,5601.0,10.0,10.0,5601.0,10.0,5601.0,10.0,10.0,10.0,10.0,10.0,10.0,5601.0,10.0,10.0,5601.0,10.0,10.0,5601.0,10.0,10.0,10.0,10.0,10.0,10.0,10.0,5601.0,10.0,10.0,5601.0,10.0,10.0,10.0,10.0,10.0,10.0,10.0,10.0,10.0,10.0,10.0,10.0,10.0,0
57,5701.0,10.0,10.0,5701.0,10.0,10.0,10.0,5701.0,10.0,10.0,5701.0,10.0,5701.0,10.0,10.0,10.0,10.0,10.0,10.0,5701.0,10.0,10.0,5701.0,10.0,10.0,5701.0,10.0,10.0,10.0,10.0,10.0,10.0,10.0,5701.0,10.0,10.0,5701.0,10.0,10.0,10.0,10.0,10.0,10.0,10.0,10.0,10.0,10.0,10.0,10.0,10.0,0
58,5801.0,10.0,10.0,5801.0,10.0,10.0,10.0,5801.0,10.0,10.0,5801.0,10.0,5801.0,10.0,10.0,10.0,10.0,10.0,10.0,5801.0,10.0,10.0,5801.0,10.0,10.0,5801.0,10.0,10.0,10.0,10.0,10.0,10.0,10.0,5801.0,10.0,10.0,5801.0,10.0,10.0,10.0,10.0,10.0,10.0,10.0,10.0,10.0,10.0,10.0,10.0,10.0,0
59,5901.0,10.0,10.0,5901.0,10.0,10.0,10.0,5901.0,10.0,10.0,5901.0,10.0,5901.0,10.0,10.0,10.0,10.0,10.0,10.0,5901.0,10.0,10.0,5901.0,10.0,10.0,5901.0,10.0,10.0,10.0,10.0,10.0,10.0,10.0,5901.0,10.0,10.0,5901.0,10.0,10.0,10.0,10.0,10.0,10.0,10.0,10.0,10.0,10.0,10.0,10.0,10.0,0
60,6001.0,10.0,10.0,6001.0,10.0,10.0,10.0,6001.0,10.0,10.0,6001.0,10.0,6001.0,10.0,10.0,10.0,10.0,10.0,10.0,6001.0,10.0,10.0,6001.0,10.0,10.0,6001.0,10.0,10.0,10.0,10.0,10.0,10.0,10.0,6001.0,10.0,10.0,6001.0,10.0,10.0,10.0,10.0,10.0,10.0,10.0,10.0,10.0,10.0,10.0,10.0,10.0,0
61,6101.0,10.0,10.0,6101.0,10.0,10.0,10.0,6101.0,10.0,10.0,6101.0,10.0,6101.0,10.0,10.0,10.0,10.0,10.0,10.0,6101.0,10.0,10.0,6101.0,10.0,10.0,6101.0,10.0,10.0,10.0,10.0,10.0,10.0,10.0,6101.0,10.0,10.0,6101.0,10.0,10.0,10.0,10.0,10.0,10.0,10.0,10.0,10.0,10.0,10.0,10.0,10.0,0
62,6201.0,10.0,10.0,6201.0,10.0,10.0,10.0,6201.0,10.0,10.0,6201.0,10.0,6201.0,10.0,10.0,10.0,10.0,10.0,10.0,6201.0,10.0,10.0,6201.0,10.0,10.0,6201.0,10.0,10.0,10.0,10.0,10.0,10.0,10.0,6201.0,10.0,10.0,6201.0,10.0,10.0,10.0,10.0,10.0,10.0,10.0,10.0,10.0,10.0,10.0,10.0,10.0,0
63,6301.0,10.0,10.0,6301.0,10.0,10.0,10.0,6301.0,10.0,10.0,6301.0,10.0,6301.0,10.0,10.0,10.0,10.0,10.0,10.0,6301.0,10.0,10.0,6301.0,10.0,10.0,6301.0,10.0,10.0,10.0,10.0,10.0,10.0,10.0,6301.0,10.0,10.0,6301.0,10.0,10.0,10.0,10.0,10.0,10.0,10.0,10.0,10.0,10.0,10.0,10.0,10.0,0
64,6401.0,10.0,10.0,6401.0,10.0,10.0,10.0,6401.0,10.0,10.0,6401.0,10.0,6401.0,10.0,10.0,10.0,10.0,10.0,10.0,6401.0,10.0,10.0,6401.0,10.0,10.0,6401.0,10.0,10.0,10.0,10.0,10.0,10.0,10.0,6401.0,10.0,10.0,6401.0,10.0,10.0,10.0,10.0,10.0,10.0,10.0,10.0,10.0,10.0,10.0,10.0,10.0,0
65,6501.0,10.0,10.0,6501.0,10.0,10.0,10.0,6501.0,10.0,10.0,6501.0,10.0,6501.0,10.0,10.0,10.0,10.0,10.0,10.0,6501.0,10.0,10.0,6501.0,10.0,10.0,6501.0,10.0,10.0,10.0,10.0,10.0,10.0,10.0,6501.0,10.0,10.0,6501.0,10.0,10.0,10.0,10.0,10.0,10.0,10.0,10.0,10.0,10.0,10.0,10.0,10.0,0
66,6601.0,10.0,10.0,6601.0,10.0,10.0,10.0,6601.0,10.0,10.0,6601.0,10.0,6601.0,10.0,10.0,10.0,10.0,10.0,10.0,6601.0,10.0,10.0,6601.0,10.0,10.0,6601.0,10.0,10.0,10.0,10.0,10.0,10.0,10.0,6601.0,10.0,10.0,6601.0,10.0,10.0,10.0,10.0,10.0,10.0,10.0,10.0,10.0,10.0,10.0,10.0,10.0,0
67,6701.0,10.0,10.0,6701.0,10.0,10.0,10.0,6701.0,10.0,10.0,6701.0,10.0,6701.0,10.0,10.0,10.0,10.0,10.0,10.0,6701.0,10.0,10.0,6701.0,10.0,10.0,6701.0,10.0,10.0,10.0,10.0,10.0,10.0,10.0,6701.0,10.0,10.0,6701.0,10.0,10.0,10.0,10.0,10.0,10.0,10.0,10.0,10.0,10.0,10.0,10.0,10.0,0
68,6801.0,10.0,10.0,6801.0,10.0,10.0,10.0,6801.0,10.0,10.0,6801.0,10.0,6801.0,10.0,10.0,10.0,10.0,10.0,10.0,6801.0,10.0,10.0,6801.0,10.0,10.0,6801.0,10.0,10.0,10.0,10.0,10.0,10.0,10.0,6801.0,10.0,10.0,6801.0,10.0,10.0,10.0,10.0,10.0,10.0,10.0,10.0,10.0,10.0,10.0,10.0,10.0,0
69,6901.0,10.0,10.0,6901.0,10.0,10.0,10.0,6901.0,10.0,10.0,6901.0,10.0,6901.0,10.0,10.0,10.0,10.0,10.0,10.0,6901.0,10.0,10.0,6901.0,10.0,10.0,6901.0,10.0,10.0,10.0,10.0,10.0,10.0,10.0,6901.0,10.0,10.0,6901.0,10.0,10.0,10.0,10.0,10.0,10.0,10.0,10.0,10.0,10.0,10.0,10.0,10.0,0
70,7001.0,10.0,10.0,7001.0,10.0,10.0,10.0,7001.0,10.0,10.0,7001.0,10.0,7001.0,10.0,10.0,10.0,10.0,10.0,10.0,7001.0,10.0,10.0,7001.0,10.0,10.0,7001.0,10.0,10.0,10.0,10.0,10.0,10.0,10.0,7001.0,10.0,10.0,7001.0,10.0,10.0,10.0,10.0,10.0,10.0,10.0,10.0,10.0,10.0,10.0,10.0,10.0,0
71,7101.0,10.0,10.0,7101.0,10.0,10.0,10.0,7101.0,10.0,10.0,7101.0,10.0,7101.0,10.0,10.0,10.0,10.0,10.0,10.0,7101.0,10.0,10.0,7101.0,10.0,10.0,7101.0,10.0,10.0,10.0,10.0,10.0,10.0,10.0,7101.0,10.0,10.0,7101.0,10.0,10.0,10.0,10.0,10.0,10.0,10.0,10.0,10.0,10.0,10.0,10.0,10.0,0
72,7201.0,10.0,10.0,7201.0,10.0,10.0,10.0,7201.0,10.0,10.0,7201.0,10.0,7201.0,10.0,10.0,10.0,10.0,10.0,10.0,7201.0,10.0,10.0,7201.0,10.0,10.0,7201.0,10.0,10.0,10.0,10.0,10.0,10.0,10.0,7201.0,10.0,10.0,7201.0,10.0,10.0,10.0,10.0,10.0,10.0,10.0,10.0,10.0,10.0,10.0,10.0,10.0,0
73,7301.0,10.0,10.0,7301.0,10.0,10.0,10.0,7301.0,10.0,10.0,7301.0,10.0,7301.0,10.0,10.0,10.0,10.0,10.0,10.0,7301.0,10.0,10.0,7301.0,10.0,10.0,7301.0,10.0,10.0,10.0,10.0,10.0,10.0,10.0,7301.0,10.0,10.0,7301.0,10.0,10.0,10.0,10.0,10.0,10.0,10.0,10.0,10.0,10.0,10.0,10.0,10.0,0
74,7401.0,10.0,10.0,7401.0,10.0,10.0,10.0,7401.0,10.0,10.0,7401.0,10.0,7401.0,10.0,10.0,10.0,10.0,10.0,10.0,7401.0,10.0,10.0,7401.0,10.0,10.0,7401.0,10.0,10.0,10.0,10.0,10.0,10.0,10.0,7401.0,10.0,10.0,7401.0,10.0,10.0,10.0,10.0,10.0,10.0,10.0,10.0,10.0,10.0,10.0,10.0,10.0,0
75,7501.0,10.0,10.0,7501.0,10.0,10.0,10.0,7501.0,10.0,10.0,7501.0,10.0,7501.0,10.0,10.0,10.0,10.0,10.0,10.0,7501.0,10.0,10.0,7501.0,10.0,10.0,7501.0,10.0,10.0,10.0,10.0,10.0,10.0,10.0,7501.0,10.0,10.0,7501.0,10.0,10.0,10.0,10.0,10.0,10.0,10.0,10.0,10.0,10.0,10.0,10.0,10.0,0
76,7601.0,10.0,10.0,7601.0,10.0,10.0,10.0,7601.0,10.0,10.0,7601.0,10.0,7601.0,10.0,10.0,10.0,10.0,10.0,10.0,7601.0,10.0,10.0,7601.0,10.0,10.0,7601.0,10.0,10.0,10.0,10.0,10.0,10.0,10.0,7601.0,10.0,10.0,7601.0,10.0,10.0,10.0,10.0,10.0,10.0,10.0,10.0,10.0,10.0,10.0,10.0,10.0,0
77,7701.0,10.0,10.0,7701.0,10.0,10.0,10.0,7701.0,10.0,10.0,7701.0,10.0,7701.0,10.0,10.0,10.0,10.0,10.0,10.0,7701.0,10.0,10.0,7701.0,10.0,10.0,7701.0,10.0,10.0,10.0,10.0,10.0,10.0,10.0,7701.0,10.0,10.0,7701.0,10.0,10.0,10.0,10.0,10.0,10.0,10.0,10.0,10.0,10.0,10.0,10.0,10.0,0
78,7801.0,10.0,10.0,7801.0,10.0,10.0,10.0,7801.0,10.0,10.0,7801.0,10.0,7801.0,10.0,10.0,10.0,10.0,10.0,10.0,7801.0,10.0,10.0,7801.0,10.0,10.0,7801.0,10.0,10.0,10.0,10.0,10.0,10.0,10.0,7801.0,10.0,10.0,7801.0,10.0,10.0,10.0,10.0,10.0,10.0,10.0,10.0,10.0,10.0,10.0,10.0,10.0,0
79,7901.0,10.0,10.0,7901.0,10.0,10.0,10.0,7901.0,10.0,10.0,7901.0,10.0,7901.0,10.0,10.0,10.0,10.0,10.0,10.0,7901.0,10.0,10.0,7901.0,10.0,10.0,7901.0,10.0,10.0,10.0,10.0,10.0,10.0,10.0,7901.0,10.0,10.0,7901.0,10.0,10.0,10.0,10.0,10.0,10.0,10.0,10.0,10.0,10.0,10.0,10.0,10.0,0
80,8001.0,10.0,10.0,8001.0,10.0,10.0,10.0,8001.0,10.0,10.0,8001.0,10.0,8001.0,10.0,10.0,10.0,10.0,10.0,10.0,8001.0,10.0,10.0,8001.0,10.0,10.0,8001.0,10.0,10.0,10.0,10.0,10.0,10.0,10.0,8001.0,10.0,10.0,8001.0,10.0,10.0,10.0,10.0,10.0,10.0,10.0,10.0,10.0,10.0,10.0,10.0,10.0,0
81,8101.0,10.0,10.0,8101.0,10.0,10.0,10.0,8101.0,10.0,10.0,8101.0,10.0,8101.0,10.0,10.0,10.0,10.0,10.0,10.0,8101.0,10.0,10.0,8101.0,10.0,10.0,8101.0,10.0,10.0,10.0,10.0,10.0,10.0,10.0,8101.0,10.0,10.0,8101.0,10.0,10.0,10.0,10.0,10.0,10.0,10.0,10.0,10.0,10.0,10.0,10.0,10.0,0
82,8201.0,10.0,10.0,8201.0,10.0,10.0,10.0,8201.0,10.0,10.0,8201.0,10.0,8201.0,10.0,10.0,10.0,10.0,10.0,10.0,8201.0,10.0,10.0,8201.0,10.0,10.0,8201.0,10.0,10.0,10.0,10.0,10.0,10.0,10.0,8201.0,10.0,10.0,8201.0,10.0,10.0,10.0,10.0,10.0,10.0,10.0,10.0,10.0,10.0,10.0,10.0,10.0,0
83,8301.0,10.0,10.0,8301.0,10.0,10.0,10.0,8301.0,10.0,10.0,8301.0,10.0,8301.0,10.0,10.0,10.0,10.0,10.0,10.0,8301.0,10.0,10.0,8301.0,10.0,10.0,8301.0,10.0,10.0,10.0,10.0,10.0,10.0,10.0,8301.0,10.0,10.0,8301.0,10.0,10.0,10.0,10.0,10.0,10.0,10.0,10.0,10.0,10.0,10.0,10.0,10.0,0
84,8401.0,10.0,10.0,8401.0,10.0,10.0,10.0,8401.0,10.0,10.0,8401.0,10.0,8401.0,10.0,10.0,10.0,10.0,10.0,10.0,8401.0,10.0,10.0,8401.0,10.0,10.0,8401.0,10.0,10.0,10.0,10.0,10.0,10.0,10.0,8401.0,10.0,10.0,8401.0,10.0,10.0,10.0,10.0,10.0,10.0,10.0,10.0,10.0,10.0,10.0,10.0,10.0,0
85,8501.0,10.0,10.0,8501.0,10.0,10.0,10.0,8501.0,10.0,10.0,8501.0,10.0,8501.0,10.0,10.0,10.0,10.0,10.0,10.0,8501.0,10.0,10.0,8501.0,10.0,10.0,8501.0,10.0,10.0,10.0,10.0,10.0,10.0,10.0,8501.0,10.0,10.0,8501.0,10.0,10.0,10.0,10.0,10.0,10.0,10.0,10.0,10.0,10.0,10.0,10.0,10.0,0
86,8601.0,10.0,10.0,8601.0,10.0,10.0,10.0,8601.0,10.0,10.0,8601.0,10.0,8601.0,10.0,10.0,10.0,10.0,10.0,10.0,8601.0,10.0,10.0,8601.0,10.0,10.0,8601.0,10.0,10.0,10.0,10.0,10.0,10.0,10.0,8601.0,10.0,10.0,8601.0,10.0,10.0,10.0,10.0,10.0,10.0,10.0,10.0,10.0,10.0,10.0,10.0,10.0,0
87,8701.0,10.0,10.0,8701.0,10.0,10.0,10.0,8701.0,10.0,10.0,8701.0,10.0,8701.0,10.0,10.0,10.0,10.0,10.0,10.0,8701.0,10.0,10.0,8701.0,10.0,10.0,8701.0,10.0,10.0,10.0,10.0,10.0,10.0,10.0,8701.0,10.0,10.0,8701.0,10.0,10.0,10.0,10.0,10.0,10.0,10.0,10.0,10.0,10.0,10.0,10.0,10.0,0
88,8801.0,10.0,10.0,8801.0,10.0,10.0,10.0,8801.0,10.0,10.0,8801.0,10.0,8801.0,10.0,10.0,10.0,10.0,10.0,10.0,8801.0,10.0,10.0,8801.0,10.0,10.0,8801.0,10.0,10.0,10.0,10.0,10.0,10.0,10.0,8801.0,10.0,10.0,8801.0,10.0,10.0,10.0,10.0,10.0,10.0,10.0,10.0,10.0,10.0,10.0,10.0,10.0,0
89,8901.0,10.0,10.0,8901.0,10.0,10.0,10.0,8901.0,10.0,10.0,8901.0,10.0,8901.0,10.0,10.0,10.0,10.0,10.0,10.0,8901.0,10.0,10.0,8901.0,10.0,10.0,8901.0,10.0,10.0,10.0,10.0,10.0,10.0,10.0,8901.0,10.0,10.0,8901.0,10.0,10.0,10.0,10.0,10.0,10.0,10.0,10.0,10.0,10.0,10.0,10.0,10.0,0
90,9001.0,10.0,10.0,9001.0,10.0,10.0,10.0,9001.0,10.0,10.0,9001.0,10.0,9001.0,10.0,10.0,10.0,10.0,10.0,10.0,9001.0,10.0,10.0,9001.0,10.0,10.0,9001.0,10.0,10.0,10.0,10.0,10.0,10.0,10.0,9001.0,10.0,10.0,9001.0,10.0,10.0,10.0,10.0,10.0,10.0,10.0,10.0,10.0,10.0,10.0,10.0,10.0,0
91,9101.0,10.0,10.0,9101.0,10.0,10.0,10.0,9101.0,10.0,10.0,9101.0,10.0,9101.0,10.0,10.0,10.0,10.0,10.0,10.0,9101.0,10.0,10.0,9101.0,10.0,10.0,9101.0,10.0,10.0,10.0,10.0,10.0,10.0,10.0,9101.0,10.0,10.0,9101.0,10.0,10.0,10.0,10.0,10.0,10.0,10.0,10.0,10.0,10.0,10.0,10.0,10.0,0
92,9201.0,10.0,10.0,9201.0,10.0,10.0,10.0,9201.0,10.0,10.0,9201.0,10.0,9201.0,10.0,10.0,10.0,10.0,10.0,10.0,9201.0,10.0,10.0,9201.0,10.0,10.0,9201.0,10.0,10.0,10.0,10.0,10.0,10.0,10.0,9201.0,10.0,10.0,9201.0,10.0,10.0,10.0,10.0,10.0,10.0,10.0,10.0,10.0,10.0,10.0,10.0,10.0,0
93,9301.0,10.0,10.0,9301.0,10.0,10.0,10.0,9301.0,10.0,10.0,9301.0,10.0,9301.0,10.0,10.0,10.0,10.0,10.0,10.0,9301.0,10.0,10.0,9301.0,10.0,10.0,9301.0,10.0,10.0,10.0,10.0,10.0,10.0,10.0,9301.0,10.0,10.0,9301.0,10.0,10.0,10.0,10.0,10.0,10.0,10.0,10.0,10.0,10.0,10.0,10.0,10.0,0
94,9401.0,10.0,10.0,9401.0,10.0,10.0,10.0,9401.0,10.0,10.0,9401.0,10.0,9401.0,10.0,10.0,10.0,10.0,10.0,10.0,9401.0,10.0,10.0,9401.0,10.0,10.0,9401.0,10.0,10.0,10.0,10.0,10.0,10.0,10.0,9401.0,10.0,10.0,9401.0,10.0,10.0,10.0,10.0,10.0,10.0,10.0,10.0,10.0,10.0,10.0,10.0,10.0,0
95,9501.0,10.0,10.0,9501.0,10.0,10.0,10.0,9501.0,10.0,10.0,9501.0,10.0,9501.0,10.0,10.0,10.0,10.0,10.0,10.0,9501.0,10.0,10.0,9501.0,10.0,10.0,9501.0,10.0,10.0,10.0,10.0,10.0,10.0,10.0,9501.0,10.0,10.0,9501.0,10.0,10.0,10.0,10.0,10.0,10.0,10.0,10.0,10.0,10.0,10.0,10.0,10.0,0
96,9601.0,10.0,10.0,9601.0,10.0,10.0,10.0,9601.0,10.0,10.0,9601.0,10.0,9601.0,10.0,10.0,10.0,10.0,10.0,10.0,9601.0,10.0,10.0,9601.0,10.0,10.0,9601.0,10.0,10.0,10.0,10.0,10.0,10.0,10.0,9601.0,10.0,10.0,9601.0,10.0,10.0,10.0,10.0,10.0,10.0,10.0,10.0,10.0,10.0,10.0,10.0,10.0,0
97,9701.0,10.0,10.0,9701.0,10.0,10.0,10.0,9701.0,10.0,10.0,9701.0,10.0,9701.0,10.0,10.0,10.0,10.0,10.0,10.0,9701.0,10.0,10.0,9701.0,10.0,10.0,9701.0,10.0,10.0,10.0,10.0,10.0,10.0,10.0,9701.0,10.0,10.0,9701.0,10.0,10.0,10.0,10.0,10.0,10.0,10.0,10.0,10.0,10.0,10.0,10.0,10.0,0
98,9801.0,10.0,10.0,9801.0,10.0,10.0,10.0,9801.0,10.0,10.0,9801.0,10.0,9801.0,10.0,10.0,10.0,10.0,10.0,10.0,9801.0,10.0,10.0,9801.0,10.0,10.0,9801.0,10.0,10.0,10.0,10.0,10.0,10.0,10.0,9801.0,10.0,10.0,9801.0,10.0,10.0,10.0,10.0,10.0,10.0,10.0,10.0,10.0,10.0,10.0,10.0,10.0,0
99,9901.0,10.0,10.0,9901.0,10.0,10.0,10.0,9901.0,10.0,10.0,9901.0,10.0,9901.0,10.0,10.0,10.0,10.0,10.0,10.0,9901.0,10.0,10.0,9901.0,10.0,10.0,9901.0,10.0,10.0,10.0,10.0,10.0,10.0,10.0,9901.0,10.0,10.0,9901.0,10.0,10.0,10.0,10.0,10.0,10.0,10.0,10.0,10.0,10.0,10.0,10.0,10.0,0
100,10001.0,10.0,10.0,10001.0,10.0,10.0,10.0,10001.0,10.0,10.0,10001.0,10.0,10001.0,10.0,10.0,10.0,10.0,10.0,10.0,10001.0,10.0,10.0,10001.0,10.0,10.0,10001.0,10.0,10.0,10.0,10.0,10.0,10.0,10.0,10001.0,10.0,10.0,10001.0,10.0,10.0,10.0,10.0,10.0,10.0,10.0,10.0,10.0,10.0,10.0,10.0,10.0,0
